{"graph_0": {"_type": "graph-file", "path": "media/graph/graph_0_summary_3aa6213eedcfe445ccb4.graph.json", "sha256": "3aa6213eedcfe445ccb44549a695001d99652ac75b5e741804bc55624a4ed4ff", "size": 3372}, "graph_1": {"_type": "graph-file", "path": "media/graph/graph_1_summary_ea798422322ec1010d3f.graph.json", "sha256": "ea798422322ec1010d3f1aa69edb248e6b8d0c2493e51d9394afeeb6f2f80cfe", "size": 3218}, "avg_idx_steps": 20.35, "idx_steps": 30, "_runtime": 68, "_timestamp": 1626518046, "_step": 300, "Train avg_score": -16.541000000000007, "Score": 5.699999999999999, "Train actor_loss": 1.533064341781764, "Train critic_loss*2": 8.186981550250223, "Train total_loss": 9.720045892031987}