{"graph_0": {"_type": "graph-file", "path": "media/graph/graph_0_summary_df67ed40c9cc3a2b8882.graph.json", "sha256": "df67ed40c9cc3a2b8882dd1931638dbc594457086279e47f5346d19c43038487", "size": 3241}, "avg_idx_steps": 8.13, "idx_steps": 10, "_runtime": 105, "_timestamp": 1626538101, "_step": 1846, "Train avg_score": -5.0169999999999995, "Score": -10.899999999999999, "Train actor_loss": 0.1389267352546923}