{"avg_idx_steps": 17.93, "idx_steps": 30, "_runtime": 234, "_timestamp": 1626558898, "_step": 603, "Train avg_score": -12.614000000000006, "Score": -11.200000000000003, "graph_0": {"_type": "graph-file", "path": "media/graph/graph_0_summary_80e8c7f4c0f788223189.graph.json", "sha256": "80e8c7f4c0f788223189b4e51233fd1b58a89be16cb7b1aa15080fa33e561b97", "size": 3450}, "Train actor_loss": 0.090715691447258}