{"Train actor_loss": 0.4184274076350066, "Train critic_loss*2": 0.40161989772544676, "Train total_loss": 0.8200473053604533, "_runtime": 387, "_timestamp": 1626263656, "_step": 999, "Train avg_score": -1.1633333333333336}