{"Train actor_loss": 0.35799489418242864, "Train critic_loss*2": 0.3226362148574739, "Train total_loss": 0.6806311090399025, "_runtime": 1245, "_timestamp": 1626216902, "_step": 91, "Train avg_score": -1.056666666666667}