{"Train actor_loss": 0.16607815799429193, "Train critic_loss*2": 0.04135661412059579, "Train total_loss": 0.20743477211488773, "_runtime": 256, "_timestamp": 1626103263, "_step": 3, "Train avg_score": -1.1500000000000004}