{"avg_idx_steps": 17.89, "idx_steps": 30, "_runtime": 196, "_timestamp": 1626558466, "_step": 300, "Train avg_score": -12.386000000000003, "Score": 8.9, "graph_0": {"_type": "graph-file", "path": "media/graph/graph_0_summary_0c4f700c6e9d0344c522.graph.json", "sha256": "0c4f700c6e9d0344c522e4248f1404c58ab242eba387fb425b63e4750642e081", "size": 3450}, "Train actor_loss": 0.057636864483356476}