{"avg_idx_steps": 19.272727272727273, "idx_steps": 30, "_runtime": 173, "_timestamp": 1626608954, "_step": 65, "Train avg_score": -13.700000000000006, "Score": -32.30000000000002}