{"Train actor_loss": -0.06300276666163396, "Train critic_loss*2": 0.012844800201173623, "Train total_loss": -0.050157966460460335, "_runtime": 65, "_timestamp": 1626275003, "_step": 67, "Train avg_score": -1.4333333333333336}