{"avg_idx_steps": 20.65, "idx_steps": 3, "_runtime": 246, "_timestamp": 1626617605, "_step": 39, "Train avg_score": -19.01578947368422, "Score": -31.900000000000013, "graph_0": {"_type": "graph-file", "path": "media/graph/graph_0_summary_f646ce111944eaf5bce0.graph.json", "sha256": "f646ce111944eaf5bce0f63605d219c7456d3d9a8f6b450e8449e8b5bf585a98", "size": 3669}, "Train actor_loss": 730.7900390625}