{"avg_idx_steps": 18.4, "idx_steps": 30, "_runtime": 53, "_timestamp": 1626552583, "_step": 199, "Train avg_score": -12.944444444444452, "Score": 6.699999999999999, "graph_0": {"_type": "graph-file", "path": "media/graph/graph_0_summary_c054ff165114b022e556.graph.json", "sha256": "c054ff165114b022e5567fc05f9f8a898fc7eb0144d2dab67f15886b6268de40", "size": 3372}, "Train actor_loss": 0.09453162550926208}