{"avg_idx_steps": 16.98, "idx_steps": 19, "_runtime": 11, "_timestamp": 1626616156, "_step": 298, "Train avg_score": -11.410000000000007, "Score": -32.70000000000002}