{"graph_0": {"_type": "graph-file", "path": "media/graph/graph_0_summary_f6385a46b39ab99a93a8.graph.json", "sha256": "f6385a46b39ab99a93a8ab10e650b061cfc571f11a319d28f99f7af64dae9173", "size": 3372}, "graph_1": {"_type": "graph-file", "path": "media/graph/graph_1_summary_a11a33e3574296e989cf.graph.json", "sha256": "a11a33e3574296e989cf849061d73e6338b4bd9d9783c0c32f6b3f42b39a2afb", "size": 3218}, "avg_idx_steps": 20.76, "idx_steps": 30, "_runtime": 53, "_timestamp": 1626518208, "_step": 199, "Train avg_score": -16.460606060606068, "Score": -14.800000000000008, "Train actor_loss": 2.4143421614867817, "Train critic_loss*2": 465.33961757197886, "Train total_loss": 467.75395973346565}