{"avg_idx_steps": 17.5, "idx_steps": 8, "_runtime": 22, "_timestamp": 1626617756, "_step": 60, "Train avg_score": -12.641379310344833, "Score": 10, "graph_0": {"_type": "graph-file", "path": "media/graph/graph_0_summary_7f3babe0062b59444add.graph.json", "sha256": "7f3babe0062b59444add7b4d57f6b9ed9914a4a87daeb068c811cd051196b023", "size": 3667}, "Train actor_loss": 0.1001935750246048}