{"graph_0": {"_type": "graph-file", "path": "media/graph/graph_0_summary_e2b1250e7f7f5349aa0f.graph.json", "sha256": "e2b1250e7f7f5349aa0f0ab47eca2317c887f5043180a017e30e8b87971480c0", "size": 3241}, "avg_idx_steps": 8.0, "idx_steps": 7, "_runtime": 2, "_timestamp": 1626537015, "_step": 8, "Train avg_score": -6.149999999999999, "Score": -10.799999999999999}