{"avg_idx_steps": 20.84, "idx_steps": 30, "_runtime": 7, "_timestamp": 1626820883, "_step": 198, "Train avg_score": -16.035353535353536, "Score": -31.90000000000001}