{"Train avg_score": 4.006666666666666, "Score": 9.6, "_runtime": 1288, "_timestamp": 1626299228, "_step": 1937, "Train actor_loss": 0.09411214556809286, "Train critic_loss*2": 3.5212519864684246, "Train total_loss": 3.6153641320365173, "gradients/graph_1linear_1.bias": {"_type": "histogram", "values": [0.0, 0.0, 0.0, 0.0, 0.0, 0.0, 0.0, 0.0, 0.0, 0.0, 0.0, 0.0, 0.0, 0.0, 0.0, 0.0, 0.0, 0.0, 0.0, 0.0, 0.0, 0.0, 0.0, 0.0, 0.0, 0.0, 0.0, 0.0, 0.0, 0.0, 0.0, 0.0, 1.0, 0.0, 0.0, 0.0, 0.0, 0.0, 0.0, 0.0, 0.0, 0.0, 0.0, 0.0, 0.0, 0.0, 0.0, 0.0, 0.0, 0.0, 0.0, 0.0, 0.0, 0.0, 0.0, 0.0, 0.0, 0.0, 0.0, 0.0, 0.0, 0.0, 0.0, 0.0], "bins": [0.4952220320701599, 0.4952220320701599, 0.4952220320701599, 0.4952220320701599, 0.4952220320701599, 0.4952220320701599, 0.4952220320701599, 0.4952220320701599, 0.4952220320701599, 0.4952220320701599, 0.4952220320701599, 0.4952220320701599, 0.4952220320701599, 0.4952220320701599, 0.4952220320701599, 0.4952220320701599, 0.4952220320701599, 0.4952220320701599, 0.4952220320701599, 0.4952220320701599, 0.4952220320701599, 0.4952220320701599, 0.4952220320701599, 0.4952220320701599, 0.4952220320701599, 0.4952220320701599, 0.4952220320701599, 0.4952220320701599, 0.4952220320701599, 0.4952220320701599, 0.4952220320701599, 0.4952220320701599, 0.4952220320701599, 0.4952220320701599, 0.4952220320701599, 0.4952220320701599, 0.4952220320701599, 0.4952220320701599, 0.4952220320701599, 0.4952220320701599, 0.4952220320701599, 0.4952220320701599, 0.4952220320701599, 0.4952220320701599, 0.4952220320701599, 0.4952220320701599, 0.4952220320701599, 0.4952220320701599, 0.4952220320701599, 0.4952220320701599, 0.4952220320701599, 0.4952220320701599, 0.4952220320701599, 0.4952220320701599, 0.4952220320701599, 0.4952220320701599, 0.4952220320701599, 0.4952220320701599, 0.4952220320701599, 0.4952220320701599, 0.4952220320701599, 0.4952220320701599, 0.4952220320701599, 0.4952220320701599, 0.4952220320701599]}, "gradients/graph_1linear_1.weight": {"_type": "histogram", "values": [1.0, 1.0, 0.0, 0.0, 61.0, 0.0, 0.0, 0.0, 0.0, 0.0, 0.0, 0.0, 0.0, 0.0, 0.0, 0.0, 0.0, 0.0, 0.0, 0.0, 0.0, 0.0, 0.0, 0.0, 0.0, 0.0, 0.0, 0.0, 0.0, 0.0, 0.0, 0.0, 0.0, 0.0, 0.0, 0.0, 0.0, 0.0, 0.0, 0.0, 0.0, 0.0, 0.0, 0.0, 0.0, 0.0, 0.0, 0.0, 0.0, 0.0, 0.0, 0.0, 0.0, 0.0, 0.0, 0.0, 0.0, 0.0, 0.0, 0.0, 0.0, 0.0, 0.0, 1.0], "bins": [-0.7326662540435791, -0.5785126686096191, -0.4243590831756592, -0.2702054977416992, -0.11605191230773926, 0.0381016731262207, 0.19225525856018066, 0.3464088439941406, 0.5005624294281006, 0.6547160148620605, 0.8088696002960205, 0.9630231857299805, 1.1171767711639404, 1.2713303565979004, 1.4254839420318604, 1.5796375274658203, 1.7337911128997803, 1.8879446983337402, 2.0420982837677, 2.19625186920166, 2.35040545463562, 2.50455904006958, 2.65871262550354, 2.8128662109375, 2.96701979637146, 3.12117338180542, 3.27532696723938, 3.42948055267334, 3.5836341381073, 3.7377877235412598, 3.8919413089752197, 4.04609489440918, 4.200248718261719, 4.354402542114258, 4.508555889129639, 4.6627092361450195, 4.816863059997559, 4.971016883850098, 5.1251702308654785, 5.279323577880859, 5.433477401733398, 5.5876312255859375, 5.741784572601318, 5.895937919616699, 6.050091743469238, 6.204245567321777, 6.358398914337158, 6.512552261352539, 6.666706085205078, 6.820859909057617, 6.975013256072998, 7.129166603088379, 7.283320426940918, 7.437474250793457, 7.591627597808838, 7.745780944824219, 7.899934768676758, 8.054088592529297, 8.208242416381836, 8.362395286560059, 8.516549110412598, 8.670702934265137, 8.82485580444336, 8.979009628295898, 9.133163452148438]}, "gradients/graph_1linear_0.bias": {"_type": "histogram", "values": [1.0, 1.0, 0.0, 0.0, 0.0, 0.0, 0.0, 0.0, 0.0, 0.0, 0.0, 0.0, 0.0, 0.0, 0.0, 0.0, 0.0, 0.0, 0.0, 0.0, 0.0, 0.0, 0.0, 0.0, 0.0, 0.0, 0.0, 0.0, 0.0, 0.0, 0.0, 0.0, 61.0, 0.0, 0.0, 0.0, 0.0, 0.0, 0.0, 0.0, 0.0, 0.0, 0.0, 0.0, 0.0, 0.0, 0.0, 0.0, 0.0, 0.0, 0.0, 0.0, 0.0, 0.0, 0.0, 0.0, 0.0, 0.0, 0.0, 0.0, 0.0, 0.0, 0.0, 1.0], "bins": [-0.1542423516511917, -0.14944182336330414, -0.14464128017425537, -0.1398407518863678, -0.13504020869731903, -0.13023968040943146, -0.1254391372203827, -0.12063860893249512, -0.11583808064460754, -0.11103754490613937, -0.1062370091676712, -0.10143648087978363, -0.09663594514131546, -0.09183540940284729, -0.08703487366437912, -0.08223433792591095, -0.07743380218744278, -0.07263326644897461, -0.06783273071050644, -0.06303219497203827, -0.058231666684150696, -0.053431130945682526, -0.048630595207214355, -0.043830063194036484, -0.039029523730278015, -0.034228987991809845, -0.029428455978631973, -0.024627920240163803, -0.019827386364340782, -0.015026852488517761, -0.010226316750049591, -0.005425784736871719, -0.0006252527236938477, 0.004175281617790461, 0.008975815959274769, 0.013776350766420364, 0.018576884642243385, 0.023377418518066406, 0.028177954256534576, 0.03297848626971245, 0.03777901828289032, 0.04257955402135849, 0.04738008603453636, 0.05218062177300453, 0.056981153786182404, 0.061781689524650574, 0.06658222526311874, 0.07138276100158691, 0.07618329674005508, 0.08098383247852325, 0.08578436821699142, 0.0905849039554596, 0.09538543224334717, 0.10018596798181534, 0.10498650372028351, 0.10978703200817108, 0.11458757519721985, 0.11938811093568802, 0.12418864667415619, 0.12898917496204376, 0.13378971815109253, 0.1385902464389801, 0.14339077472686768, 0.14819131791591644, 0.15299184620380402]}, "gradients/graph_1linear_0.weight": {"_type": "histogram", "values": [5.0, 5.0, 0.0, 0.0, 0.0, 0.0, 0.0, 15.0, 15.0, 0.0, 0.0, 5.0, 10.0, 5.0, 5.0, 5.0, 15.0, 5.0, 10.0, 10.0, 35.0, 5.0, 0.0, 0.0, 0.0, 20.0, 45.0, 12220.0, 0.0, 0.0, 0.0, 0.0, 0.0, 0.0, 0.0, 0.0, 10.0, 0.0, 0.0, 0.0, 0.0, 5.0, 0.0, 5.0, 0.0, 0.0, 0.0, 0.0, 0.0, 5.0, 0.0, 0.0, 0.0, 5.0, 0.0, 0.0, 0.0, 5.0, 0.0, 0.0, 5.0, 0.0, 0.0, 5.0], "bins": [-0.05871505290269852, -0.05657332018017769, -0.05443158745765686, -0.052289851009845734, -0.050148118287324905, -0.04800638556480408, -0.04586464911699295, -0.04372291639447212, -0.041581183671951294, -0.039439450949430466, -0.03729771822690964, -0.03515598177909851, -0.03301424905657768, -0.030872516334056854, -0.028730781748890877, -0.0265890471637249, -0.02444731444120407, -0.022305581718683243, -0.020163847133517265, -0.018022112548351288, -0.01588037982583046, -0.013738646171987057, -0.011596912518143654, -0.009455178864300251, -0.007313445210456848, -0.005171711556613445, -0.0030299779027700424, -0.0008882442489266396, 0.0012534894049167633, 0.003395223058760166, 0.005536956712603569, 0.007678690366446972, 0.009820424020290375, 0.011962157674133778, 0.01410389132797718, 0.016245625913143158, 0.018387358635663986, 0.020529091358184814, 0.022670825943350792, 0.02481256052851677, 0.026954293251037598, 0.029096025973558426, 0.031237760558724403, 0.03337949514389038, 0.03552122786641121, 0.03766296058893204, 0.039804697036743164, 0.04194642975926399, 0.04408816248178482, 0.04622989520430565, 0.04837162792682648, 0.050513364374637604, 0.05265509709715843, 0.05479682981967926, 0.05693856626749039, 0.059080298990011215, 0.06122203171253204, 0.06336376816034317, 0.0655054971575737, 0.06764723360538483, 0.06978896260261536, 0.07193069905042648, 0.07407243549823761, 0.07621416449546814, 0.07835590094327927]}, "gradients/graph_1conv2d_0.bias": {"_type": "histogram", "values": [0.0, 0.0, 0.0, 0.0, 0.0, 0.0, 0.0, 0.0, 0.0, 0.0, 0.0, 0.0, 0.0, 0.0, 0.0, 0.0, 0.0, 0.0, 0.0, 0.0, 0.0, 0.0, 0.0, 0.0, 0.0, 0.0, 0.0, 0.0, 0.0, 0.0, 0.0, 0.0, 1.0, 0.0, 0.0, 0.0, 0.0, 0.0, 0.0, 0.0, 0.0, 0.0, 0.0, 0.0, 0.0, 0.0, 0.0, 0.0, 0.0, 0.0, 0.0, 0.0, 0.0, 0.0, 0.0, 0.0, 0.0, 0.0, 0.0, 0.0, 0.0, 0.0, 0.0, 0.0],