{"avg_idx_steps": 18.704, "idx_steps": 15, "_runtime": 88, "_timestamp": 1626900234, "_step": 4163, "Train avg_score": -13.057200000000002, "Score": -4.6, "graph_0": {"_type": "graph-file", "path": "media/graph/graph_0_summary_8ab6332bb19d5dcbaedf.graph.json", "sha256": "8ab6332bb19d5dcbaedfef47854b78da811a17503c2deef80a7c9adb4f79b090", "size": 1126}, "Train actor_loss": 0.14719483256340027}