{"avg_idx_steps": 18.91, "idx_steps": 30, "_runtime": 11, "_timestamp": 1626616123, "_step": 298, "Train avg_score": -14.066000000000006, "Score": -31.70000000000001}