{"avg_idx_steps": 20.42, "idx_steps": 13, "_runtime": 84, "_timestamp": 1626615224, "_step": 305, "Train avg_score": -16.068000000000005, "Score": -2.9999999999999982}