{"graph_0": {"_type": "graph-file", "path": "media/graph/graph_0_summary_b12e230dd89d18cd9470.graph.json", "sha256": "b12e230dd89d18cd947057dd34497ddf8b95c35bf075e166a59c51467de9e5c4", "size": 3241}, "avg_idx_steps": 20.12, "idx_steps": 16, "_runtime": 85, "_timestamp": 1626539958, "_step": 1007, "Train avg_score": -15.577000000000005, "Score": -32.600000000000016, "Train actor_loss": 0.0987321138381958}