{"Train actor_loss": 0.19360424990751784, "Train critic_loss*2": 0.09465278477199726, "Train total_loss": 0.28825703467951513, "_runtime": 33, "_timestamp": 1626262393, "_step": 3, "Train avg_score": 0.7}