{"Train avg_score": 4.783333333333333, "Score": -0.30000000000000004, "_runtime": 1751, "_timestamp": 1626297093, "_step": 2019, "Train actor_loss": 0.4790438985349137, "Train critic_loss*2": 6.959898940182833, "Train total_loss": 7.438942838717747, "gradients/graph_1linear_1.bias": {"_type": "histogram", "values": [0.0, 0.0, 0.0, 0.0, 0.0, 0.0, 0.0, 0.0, 0.0, 0.0, 0.0, 0.0, 0.0, 0.0, 0.0, 0.0, 0.0, 0.0, 0.0, 0.0, 0.0, 0.0, 0.0, 0.0, 0.0, 0.0, 0.0, 0.0, 0.0, 0.0, 0.0, 0.0, 1.0, 0.0, 0.0, 0.0, 0.0, 0.0, 0.0, 0.0, 0.0, 0.0, 0.0, 0.0, 0.0, 0.0, 0.0, 0.0, 0.0, 0.0, 0.0, 0.0, 0.0, 0.0, 0.0, 0.0, 0.0, 0.0, 0.0, 0.0, 0.0, 0.0, 0.0, 0.0], "bins": [1.5895986557006836, 1.5895986557006836, 1.5895986557006836, 1.5895986557006836, 1.5895986557006836, 1.5895986557006836, 1.5895986557006836, 1.5895986557006836, 1.5895986557006836, 1.5895986557006836, 1.5895986557006836, 1.5895986557006836, 1.5895986557006836, 1.5895986557006836, 1.5895986557006836, 1.5895986557006836, 1.5895986557006836, 1.5895986557006836, 1.5895986557006836, 1.5895986557006836, 1.5895986557006836, 1.5895986557006836, 1.5895986557006836, 1.5895986557006836, 1.5895986557006836, 1.5895986557006836, 1.5895986557006836, 1.5895986557006836, 1.5895986557006836, 1.5895986557006836, 1.5895986557006836, 1.5895986557006836, 1.5895986557006836, 1.5895986557006836, 1.5895986557006836, 1.5895986557006836, 1.5895986557006836, 1.5895986557006836, 1.5895986557006836, 1.5895986557006836, 1.5895986557006836, 1.5895986557006836, 1.5895986557006836, 1.5895986557006836, 1.5895986557006836, 1.5895986557006836, 1.5895986557006836, 1.5895986557006836, 1.5895986557006836, 1.5895986557006836, 1.5895986557006836, 1.5895986557006836, 1.5895986557006836, 1.5895986557006836, 1.5895986557006836, 1.5895986557006836, 1.5895986557006836, 1.5895986557006836, 1.5895986557006836, 1.5895986557006836, 1.5895986557006836, 1.5895986557006836, 1.5895986557006836, 1.5895986557006836, 1.5895986557006836]}, "gradients/graph_1linear_1.weight": {"_type": "histogram", "values": [1.0, 0.0, 0.0, 0.0, 0.0, 0.0, 0.0, 0.0, 0.0, 0.0, 0.0, 0.0, 0.0, 0.0, 1.0, 0.0, 0.0, 0.0, 0.0, 0.0, 0.0, 0.0, 0.0, 0.0, 0.0, 0.0, 1.0, 0.0, 0.0, 0.0, 0.0, 1.0, 0.0, 55.0, 0.0, 0.0, 0.0, 0.0, 0.0, 0.0, 0.0, 0.0, 0.0, 0.0, 1.0, 1.0, 0.0, 0.0, 0.0, 0.0, 0.0, 0.0, 0.0, 1.0, 0.0, 0.0, 1.0, 0.0, 0.0, 0.0, 0.0, 0.0, 0.0, 1.0], "bins": [-5.465373992919922, -5.3034467697143555, -5.141520023345947, -4.979592800140381, -4.817666053771973, -4.655738830566406, -4.49381160736084, -4.331884384155273, -4.169957637786865, -4.008030414581299, -3.8461036682128906, -3.684176445007324, -3.522249460220337, -3.3603224754333496, -3.198395252227783, -3.036468267440796, -2.8745412826538086, -2.7126142978668213, -2.550687313079834, -2.3887600898742676, -2.2268331050872803, -2.064906120300293, -1.9029790163040161, -1.7410519123077393, -1.579124927520752, -1.4171979427337646, -1.2552708387374878, -1.093343734741211, -0.9314167499542236, -0.7694897055625916, -0.6075626611709595, -0.4456355571746826, -0.2837085723876953, -0.12178152799606323, 0.04014551639556885, 0.20207256078720093, 0.363999605178833, 0.5259266495704651, 0.6878536939620972, 0.849780797958374, 1.0117077827453613, 1.1736347675323486, 1.3355618715286255, 1.4974889755249023, 1.6594159603118896, 1.821342945098877, 1.9832700490951538, 2.1451971530914307, 2.307124137878418, 2.4690511226654053, 2.6309781074523926, 2.792905330657959, 2.9548323154449463, 3.1167593002319336, 3.2786865234375, 3.4406135082244873, 3.6025404930114746, 3.764467477798462, 3.926394462585449, 4.088321685791016, 4.250248908996582, 4.41217565536499, 4.574102878570557, 4.736029624938965, 4.897956848144531]}, "gradients/graph_1linear_0.bias": {"_type": "histogram", "values": [1.0, 0.0, 0.0, 0.0, 0.0, 0.0, 0.0, 0.0, 0.0, 0.0, 0.0, 0.0, 0.0, 0.0, 0.0, 0.0, 0.0, 0.0, 0.0, 0.0, 1.0, 0.0, 0.0, 0.0, 0.0, 0.0, 0.0, 0.0, 56.0, 0.0, 1.0, 1.0, 0.0, 0.0, 0.0, 0.0, 0.0, 0.0, 0.0, 0.0, 0.0, 0.0, 1.0, 0.0, 0.0, 0.0, 1.0, 0.0, 0.0, 0.0, 0.0, 0.0, 1.0, 0.0, 0.0, 0.0, 0.0, 0.0, 0.0, 0.0, 0.0, 0.0, 0.0, 1.0], "bins": [-0.27930355072021484, -0.26963555812835693, -0.259967565536499, -0.2502995729446411, -0.2406315803527832, -0.2309635877609253, -0.2212955802679062, -0.21162758767604828, -0.20195959508419037, -0.19229160249233246, -0.18262360990047455, -0.17295561730861664, -0.16328760981559753, -0.15361961722373962, -0.1439516246318817, -0.1342836320400238, -0.1246156394481659, -0.11494764685630798, -0.10527965426445007, -0.09561165422201157, -0.08594366163015366, -0.07627566903829575, -0.06660766899585724, -0.05693967640399933, -0.04727168381214142, -0.03760369122028351, -0.0279356949031353, -0.01826770044863224, -0.008599705994129181, 0.0010682865977287292, 0.010736282914876938, 0.020404279232025146, 0.030072271823883057, 0.03974026441574097, 0.049408260732889175, 0.059076257050037384, 0.0687442496418953, 0.0784122422337532, 0.08808024227619171, 0.09774823486804962, 0.10741622745990753, 0.11708422005176544, 0.12675221264362335, 0.13642020523548126, 0.14608821272850037, 0.15575620532035828, 0.1654241979122162, 0.1750921905040741, 0.184760183095932, 0.19442817568778992, 0.20409616827964783, 0.21376416087150574, 0.22343215346336365, 0.23310014605522156, 0.24276815354824066, 0.25243616104125977, 0.2621041536331177, 0.2717721462249756, 0.2814401388168335, 0.2911081314086914, 0.3007761240005493, 0.3104441165924072, 0.32011210918426514, 0.32978010177612305, 0.33944809436798096]}, "gradients/graph_1linear_0.weight": {"_type": "histogram", "values": [5.0, 0.0, 0.0, 0.0, 15.0, 0.0, 0.0, 0.0, 15.0, 0.0, 5.0, 5.0, 20.0, 15.0, 5.0, 30.0, 10.0, 55.0, 40.0, 90.0, 125.0, 11395.0, 195.0, 90.0, 60.0, 50.0, 50.0, 40.0, 20.0, 0.0, 25.0, 5.0, 10.0, 5.0, 0.0, 10.0, 5.0, 5.0, 5.0, 0.0, 10.0, 0.0, 5.0, 15.0, 5.0, 5.0, 0.0, 0.0, 5.0, 0.0, 0.0, 0.0, 0.0, 0.0, 10.0, 0.0, 5.0, 0.0, 5.0, 0.0, 5.0, 0.0, 0.0, 5.0], "bins": [-0.22274547815322876, -0.21214178204536438, -0.2015380710363388, -0.19093437492847443, -0.18033066391944885, -0.16972696781158447, -0.1591232717037201, -0.1485195755958557, -0.13791586458683014, -0.12731216847896576, -0.11670845746994019, -0.1061047613620758, -0.09550105780363083, -0.08489735424518585, -0.07429365813732147, -0.0636899545788765, -0.05308625102043152, -0.04248254746198654, -0.03187884762883186, -0.021275147795677185, -0.010671444237232208, -6.774067878723145e-05, 0.010535955429077148, 0.021139658987522125, 0.03174334764480591, 0.042347051203250885, 0.05295075103640556, 0.06355445086956024, 0.07415815442800522, 0.0847618579864502, 0.09536555409431458, 0.10596925765275955, 0.11657297611236572, 0.1271766722202301, 0.13778038322925568, 0.14838407933712006, 0.15898779034614563, 0.16959148645401, 0.1801951825618744, 0.19079887866973877, 0.20140260457992554, 0.21200630068778992, 0.2226100116968155, 0.23321370780467987, 0.24381741881370544, 0.2544211149215698, 0.2650248110294342, 0.2756285071372986, 0.28623220324516296, 0.29683589935302734, 0.3074395954608917, 0.3180432915687561, 0.32864701747894287, 0.33925071358680725, 0.34985440969467163, 0.360458105802536, 0.3710618019104004, 0.38166549801826477, 0.39226919412612915, 0.4028729200363159, 0.4134766161441803, 0.4240803122520447, 0.43468400835990906, 0.44528770446777344, 0.4558914303779602]}, "gradients/graph_1conv2d_0.bias": {"_type": "histogram", "values": [0.0, 0.0, 0.0, 0.0, 0.0, 0.0, 0.0, 0.0, 0.0, 0.0, 0.0, 0.0, 0.0, 0.0, 0.0, 0.0, 0.0, 0.0, 0.0, 0.0, 0.0, 0.0, 0.0, 0.0, 0.0, 0.0, 0.0, 0.0, 0.0, 0.0, 0.0, 0.0, 1.0, 0.0, 0.0, 0.0, 0.0, 0.0, 0.0, 0.0, 0.0, 0.0, 0.0, 0.0, 0.0, 0.0, 0.0, 0.0, 0.0, 0.0, 0.0, 0.0, 0.0, 0.0, 0.0, 0.0, 0.0, 0.0, 0.0, 0.0, 0.0, 0.0, 0.0, 0.0],