{"avg_idx_steps": 17.136363636363637, "idx_steps": 1, "_runtime": 9, "_timestamp": 1626561309, "_step": 132, "Train avg_score": -12.162121212121217, "Score": 10, "graph_0": {"_type": "graph-file", "path": "media/graph/graph_0_summary_67923d4eb6a8787c36d2.graph.json", "sha256": "67923d4eb6a8787c36d23026cd0d9b6964de833552fecab7a0b19f106c7d6d13", "size": 3544}, "Train actor_loss": 0.07258684188127518}