{"avg_idx_steps": 18.978, "idx_steps": 12, "_runtime": 2575, "_timestamp": 1626903300, "_step": 30036, "Train avg_score": -0.06680000000000001, "Score": 0.6, "graph_0": {"_type": "graph-file", "path": "media/graph/graph_0_summary_253011674608d8ea98fe.graph.json", "sha256": "253011674608d8ea98fe6b60c74e420424072a5e5d8bf05813df463eee3a0426", "size": 1126}, "Train actor_loss": 0.08642806112766266, "gradients/linear_1.bias": {"_type": "histogram", "values": [1.0, 0.0, 0.0, 0.0, 0.0, 0.0, 0.0, 0.0, 0.0, 0.0, 1.0, 0.0, 0.0, 0.0, 0.0, 1.0, 0.0, 0.0, 0.0, 0.0, 0.0, 0.0, 0.0, 0.0, 0.0, 1.0, 0.0, 0.0, 0.0, 0.0, 0.0, 0.0, 1.0, 0.0, 0.0, 0.0, 0.0, 1.0, 0.0, 1.0, 0.0, 0.0, 1.0, 0.0, 0.0, 0.0, 0.0, 0.0, 0.0, 0.0, 0.0, 0.0, 0.0, 0.0, 0.0, 0.0, 0.0, 0.0, 0.0, 0.0, 0.0, 0.0, 0.0, 1.0], "bins": [-0.0009852416114881635, -0.0009319198434241116, -0.0008785980753600597, -0.0008252763655036688, -0.0007719545974396169, -0.000718632829375565, -0.0006653111195191741, -0.0006119893514551222, -0.0005586675833910704, -0.0005053458153270185, -0.0004520240763667971, -0.0003987023374065757, -0.0003453805693425238, -0.00029205880127847195, -0.00023873706231825054, -0.00018541532335802913, -0.00013209355529397726, -7.877180178184062e-05, -2.5450048269703984e-05, 2.7871705242432654e-05, 8.119345875456929e-05, 0.00013451522681862116, 0.00018783696577884257, 0.00024115870473906398, 0.00029448047280311584, 0.0003478022408671677, 0.0004011239798273891, 0.00045444571878761053, 0.0005077674868516624, 0.0005610892549157143, 0.0006144109647721052, 0.0006677327328361571, 0.0007210546173155308, 0.0007743763853795826, 0.0008276981534436345, 0.0008810198633000255, 0.0009343416313640773, 0.0009876633994281292, 0.0010409851092845201, 0.001094306819140911, 0.0011476286454126239, 0.0012009503552690148, 0.0012542721815407276, 0.0013075938913971186, 0.0013609156012535095, 0.0014142374275252223, 0.0014675591373816133, 0.001520880963653326, 0.001574202673509717, 0.001627524383366108, 0.0016808462096378207, 0.0017341679194942117, 0.0017874897457659245, 0.0018408114556223154, 0.0018941331654787064, 0.0019474548753350973, 0.0020007765851914883, 0.0020540982950478792, 0.00210742000490427, 0.0021607419475913048, 0.0022140636574476957, 0.0022673853673040867, 0.0023207070771604776, 0.0023740287870168686, 0.002427350729703903]}, "gradients/linear_1.weight": {"_type": "histogram", "values": [1.0, 0.0, 2.0, 1.0, 0.0, 1.0, 3.0, 3.0, 4.0, 4.0, 6.0, 2.0, 7.0, 8.0, 8.0, 10.0, 9.0, 9.0, 17.0, 20.0, 27.0, 32.0, 30.0, 28.0, 32.0, 34.0, 34.0, 45.0, 45.0, 45.0, 36.0, 48.0, 55.0, 56.0, 45.0, 42.0, 37.0, 56.0, 39.0, 36.0, 37.0, 33.0, 23.0, 20.0, 18.0, 17.0, 13.0, 13.0, 14.0, 9.0, 9.0, 3.0, 3.0, 8.0, 4.0, 1.0, 2.0, 3.0, 0.0, 2.0, 2.0, 0.0, 0.0, 1.0], "bins": [-0.003701777197420597, -0.0035872829612344503, -0.0034727887250483036, -0.003358294488862157, -0.00324380025267601, -0.003129306249320507, -0.0030148120131343603, -0.0029003177769482136, -0.002785823540762067, -0.00267132930457592, -0.0025568350683897734, -0.0024423408322036266, -0.0023278468288481236, -0.002213352359831333, -0.00209885835647583, -0.0019843641202896833, -0.0018698698841035366, -0.0017553756479173899, -0.0016408814117312431, -0.0015263872919604182, -0.0014118930557742715, -0.0012973988195881248, -0.0011829046998172998, -0.001068410463631153, -0.0009539162274450064, -0.0008394219912588596, -0.0007249278132803738, -0.000610433635301888, -0.0004959393991157413, -0.0003814451629295945, -0.0002669509849511087, -0.00015245680697262287, -3.796280361711979e-05, 7.653140346519649e-05, 0.00019102561054751277, 0.00030551981762982905, 0.00042001402471214533, 0.0005345082608982921, 0.0006490024388767779, 0.0007634966168552637, 0.0008779908530414104, 0.0009924850892275572, 0.001106979325413704, 0.0012214734451845288, 0.0013359676813706756, 0.0014504619175568223, 0.0015649560373276472, 0.001679450273513794, 0.0017939445096999407, 0.0019084387458860874, 0.002022932982072234, 0.002137427218258381, 0.002251921221613884, 0.0023664156906306744, 0.0024809096939861774, 0.002595403930172324, 0.002709898166358471, 0.0028243924025446177, 0.0029388866387307644, 0.003053380874916911, 0.003167875111103058, 0.003282369114458561, 0.0033968633506447077, 0.0035113575868308544, 0.003625851823017001]}, "gradients/linear_0.bias": {"_type": "histogram", "values": [1.0, 0.0, 0.0, 0.0, 0.0, 0.0, 0.0, 0.0, 0.0, 0.0, 0.0, 0.0, 0.0, 0.0, 0.0, 0.0, 1.0, 0.0, 2.0, 2.0, 1.0, 1.0, 2.0, 3.0, 1.0, 5.0, 3.0, 3.0, 7.0, 2.0, 3.0, 6.0, 8.0, 2.0, 1.0, 3.0, 3.0, 1.0, 1.0, 3.0, 2.0, 8.0, 9.0, 5.0, 2.0, 5.0, 2.0, 4.0, 2.0, 2.0, 6.0, 1.0, 3.0, 0.0, 3.0, 0.0, 3.0, 1.0, 1.0, 1.0, 1.0, 1.0, 0.0, 1.0], "bins": [-9.666586993262172e-05, -9.417421097168699e-05, -9.168255201075226e-05, -8.919089304981753e-05, -8.66992340888828e-05, -8.420757512794808e-05, -8.171591616701335e-05, -7.922425720607862e-05, -7.673259824514389e-05, -7.424093928420916e-05, -7.174928032327443e-05, -6.92576213623397e-05, -6.676596240140498e-05, -6.427430344047025e-05, -6.178264447953552e-05, -5.929098551860079e-05, -5.6799322919687256e-05, -5.430766395875253e-05, -5.18160049978178e-05, -4.932434603688307e-05, -4.683268707594834e-05, -4.4341028115013614e-05, -4.184936551610008e-05, -3.935770655516535e-05, -3.686604759423062e-05, -3.4374388633295894e-05, -3.1882729672361165e-05, -2.9391070711426437e-05, -2.689941175049171e-05, -2.440775278955698e-05, -2.1916092009632848e-05, -1.942443304869812e-05, -1.6932775906752795e-05, -1.4441116945818067e-05, -1.1949457984883338e-05, -9.457798114453908e-06, -6.96613915351918e-06, -4.474480192584451e-06, -1.982820322155021e-06, 5.088386387797073e-07, 3.000495780725032e-06, 5.4921547416597605e-06, 7.983813702594489e-06, 1.0475473573023919e-05, 1.2967132533958647e-05, 1.5458790585398674e-05, 1.7950451365322806e-05, 2.0442110326257534e-05, 2.2933771106181666e-05, 2.5425430067116395e-05, 2.7917089028051123e-05, 3.040874798898585e-05, 3.290040694992058e-05, 3.539206591085531e-05, 3.7883728509768844e-05, 4.037538747070357e-05, 4.28670464316383e-05, 4.535870539257303e-05, 4.785036435350776e-05, 5.0342023314442486e-05, 5.2833682275377214e-05, 5.532534123631194e-05, 5.781700019724667e-05, 6.03086591581814e-05, 6.280031811911613e-05]}, "gradients/linear_0.weight": {"_type": "histogram", "values": [3.0, 0.0, 0.0, 1.0, 2.0, 0.0, 2.0, 1.0, 1.0, 5.0, 2.0, 5.0, 4.0, 3.0, 9.0, 8.0, 12.0, 22.0, 26.0, 37.0, 45.0, 54.0, 69.0, 95.0, 109.0, 131.0, 247.0, 346.0, 521.0, 864.0, 1899.0, 5117.0, 15554.0, 62518.0, 12445827.0, 215267.0, 34044.0, 10007.0, 3624.0, 1517.0, 684.0, 416.0, 287.0, 142.0, 112.0, 83.0, 56.0, 44.0, 51.0, 29.0, 32.0, 21.0, 8.0, 12.0, 10.0, 4.0, 4.0, 2.0, 1.0, 1.0, 1.0, 1.0, 0.0, 1.0],