{"avg_idx_steps": 18.68, "idx_steps": 30, "_runtime": 12, "_timestamp": 1626616060, "_step": 298, "Train avg_score": -13.670000000000007, "Score": -32.500000000000014}