{"avg_idx_steps": 18.363636363636363, "idx_steps": 10, "_runtime": 55, "_timestamp": 1626608690, "_step": 21, "Train avg_score": -13.636363636363642, "Score": 0.6999999999999993}