{"avg_idx_steps": 23.26, "idx_steps": 4, "_runtime": 5459, "_timestamp": 1626379793, "_step": 20199, "Train avg_score": -20.192999999999998, "Score": 7, "Train actor_loss": -0.19372904978294486, "Train critic_loss*2": 12.967480010230444, "Train total_loss": 12.773750960447499, "gradients/graph_1linear_1.bias": {"_type": "histogram", "values": [0.0, 0.0, 0.0, 0.0, 0.0, 0.0, 0.0, 0.0, 0.0, 0.0, 0.0, 0.0, 0.0, 0.0, 0.0, 0.0, 0.0, 0.0, 0.0, 0.0, 0.0, 0.0, 0.0, 0.0, 0.0, 0.0, 0.0, 0.0, 0.0, 0.0, 0.0, 0.0, 1.0, 0.0, 0.0, 0.0, 0.0, 0.0, 0.0, 0.0, 0.0, 0.0, 0.0, 0.0, 0.0, 0.0, 0.0, 0.0, 0.0, 0.0, 0.0, 0.0, 0.0, 0.0, 0.0, 0.0, 0.0, 0.0, 0.0, 0.0, 0.0, 0.0, 0.0, 0.0], "bins": [0.3825834095478058, 0.3825834095478058, 0.3825834095478058, 0.3825834095478058, 0.3825834095478058, 0.3825834095478058, 0.3825834095478058, 0.3825834095478058, 0.3825834095478058, 0.3825834095478058, 0.3825834095478058, 0.3825834095478058, 0.3825834095478058, 0.3825834095478058, 0.3825834095478058, 0.3825834095478058, 0.3825834095478058, 0.3825834095478058, 0.3825834095478058, 0.3825834095478058, 0.3825834095478058, 0.3825834095478058, 0.3825834095478058, 0.3825834095478058, 0.3825834095478058, 0.3825834095478058, 0.3825834095478058, 0.3825834095478058, 0.3825834095478058, 0.3825834095478058, 0.3825834095478058, 0.3825834095478058, 0.3825834095478058, 0.3825834095478058, 0.3825834095478058, 0.3825834095478058, 0.3825834095478058, 0.3825834095478058, 0.3825834095478058, 0.3825834095478058, 0.3825834095478058, 0.3825834095478058, 0.3825834095478058, 0.3825834095478058, 0.3825834095478058, 0.3825834095478058, 0.3825834095478058, 0.3825834095478058, 0.3825834095478058, 0.3825834095478058, 0.3825834095478058, 0.3825834095478058, 0.3825834095478058, 0.3825834095478058, 0.3825834095478058, 0.3825834095478058, 0.3825834095478058, 0.3825834095478058, 0.3825834095478058, 0.3825834095478058, 0.3825834095478058, 0.3825834095478058, 0.3825834095478058, 0.3825834095478058, 0.3825834095478058]}, "gradients/graph_1linear_1.weight": {"_type": "histogram", "values": [1.0, 0.0, 0.0, 0.0, 0.0, 0.0, 0.0, 0.0, 0.0, 0.0, 0.0, 0.0, 0.0, 0.0, 0.0, 0.0, 0.0, 0.0, 1.0, 1.0, 0.0, 0.0, 0.0, 1.0, 0.0, 1.0, 0.0, 2.0, 1.0, 0.0, 2.0, 37.0, 2.0, 1.0, 2.0, 1.0, 1.0, 2.0, 2.0, 2.0, 1.0, 1.0, 0.0, 1.0, 0.0, 0.0, 0.0, 0.0, 0.0, 0.0, 0.0, 0.0, 0.0, 0.0, 0.0, 0.0, 0.0, 0.0, 0.0, 0.0, 0.0, 0.0, 0.0, 1.0], "bins": [-2.5840911865234375, -2.5032780170440674, -2.422464609146118, -2.341651439666748, -2.260838270187378, -2.1800248622894287, -2.0992116928100586, -2.0183982849121094, -1.9375851154327393, -1.8567718267440796, -1.7759586572647095, -1.6951453685760498, -1.6143320798873901, -1.5335187911987305, -1.4527056217193604, -1.3718923330307007, -1.2910791635513306, -1.210265874862671, -1.1294527053833008, -1.0486394166946411, -0.9678261280059814, -0.8870128989219666, -0.8061996698379517, -0.725386381149292, -0.6445732116699219, -0.563759982585907, -0.4829466938972473, -0.4021334648132324, -0.32132020592689514, -0.24050694704055786, -0.15969371795654297, -0.0788804292678833, 0.0019328594207763672, 0.08274611085653305, 0.16355936229228973, 0.24437260627746582, 0.3251858651638031, 0.4059991240501404, 0.4868123531341553, 0.5676256418228149, 0.6484389305114746, 0.7292521595954895, 0.8100654482841492, 0.8908786773681641, 0.9716919660568237, 1.0525052547454834, 1.1333184242248535, 1.2141317129135132, 1.2949448823928833, 1.375758171081543, 1.456571340560913, 1.5373846292495728, 1.6181979179382324, 1.6990110874176025, 1.7798243761062622, 1.8606376647949219, 1.941450834274292, 2.022264003753662, 2.1030774116516113, 2.1838905811309814, 2.2647037506103516, 2.345517158508301, 2.426330327987671, 2.507143497467041, 2.5879569053649902]}, "gradients/graph_1linear_0.bias": {"_type": "histogram", "values": [1.0, 0.0, 0.0, 0.0, 0.0, 0.0, 0.0, 0.0, 0.0, 2.0, 0.0, 0.0, 0.0, 0.0, 0.0, 1.0, 1.0, 0.0, 0.0, 2.0, 0.0, 0.0, 0.0, 1.0, 1.0, 1.0, 1.0, 1.0, 1.0, 1.0, 1.0, 37.0, 1.0, 1.0, 2.0, 1.0, 1.0, 1.0, 2.0, 0.0, 1.0, 0.0, 0.0, 0.0, 0.0, 1.0, 0.0, 0.0, 0.0, 0.0, 0.0, 0.0, 0.0, 0.0, 0.0, 0.0, 0.0, 0.0, 0.0, 0.0, 0.0, 0.0, 0.0, 1.0], "bins": [-0.039141472429037094, -0.037882983684539795, -0.036624494940042496, -0.0353660061955452, -0.034107521176338196, -0.0328490324318409, -0.0315905436873436, -0.030332054942846298, -0.029073566198349, -0.0278150774538517, -0.0265565887093544, -0.02529810182750225, -0.02403961308300495, -0.022781124338507652, -0.021522637456655502, -0.020264148712158203, -0.019005659967660904, -0.017747171223163605, -0.016488682478666306, -0.015230195596814156, -0.013971706852316856, -0.012713218107819557, -0.011454730294644833, -0.010196242481470108, -0.008937753736972809, -0.007679265458136797, -0.006420777179300785, -0.005162288900464773, -0.0039038006216287613, -0.0026453123427927494, -0.0013868240639567375, -0.00012833625078201294, 0.0011301562190055847, 0.0023886444978415966, 0.0036471327766776085, 0.00490562105551362, 0.006164109334349632, 0.007422597613185644, 0.008681085892021656, 0.00993957370519638, 0.01119806244969368, 0.012456551194190979, 0.013715039007365704, 0.014973526820540428, 0.016232015565037727, 0.017490504309535027, 0.018748991191387177, 0.020007479935884476, 0.021265968680381775, 0.022524457424879074, 0.023782946169376373, 0.025041433051228523, 0.026299921795725822, 0.02755841054022312, 0.02881689742207527, 0.03007538616657257, 0.03133387491106987, 0.03259236365556717, 0.03385085240006447, 0.03510934114456177, 0.03636782616376877, 0.03762631490826607, 0.03888480365276337, 0.040143292397260666, 0.041401781141757965]}, "gradients/graph_1linear_0.weight": {"_type": "histogram", "values": [5.0, 0.0, 0.0, 0.0, 0.0, 0.0, 5.0, 5.0, 5.0, 5.0, 15.0, 20.0, 20.0, 25.0, 40.0, 55.0, 90.0, 155.0, 270.0, 370.0, 675.0, 1015.0, 1815.0, 2950.0, 4385.0, 8275.0, 24260.0, 106095.0, 5320.0, 3035.0, 1580.0, 925.0, 515.0, 315.0, 260.0, 185.0, 120.0, 85.0, 70.0, 75.0, 35.0, 20.0, 25.0, 15.0, 5.0, 5.0, 5.0, 0.0, 0.0, 10.0, 5.0, 0.0, 0.0, 10.0, 5.0, 5.0, 0.0, 0.0, 0.0, 0.0, 5.0, 0.0, 0.0, 10.0], "bins": [-0.03641589730978012, -0.03506908193230629, -0.03372226282954216, -0.03237544745206833, -0.03102863021194935, -0.029681812971830368, -0.028334995731711388, -0.026988178491592407, -0.025641363114118576, -0.024294545873999596, -0.022947728633880615, -0.021600913256406784, -0.020254096016287804, -0.018907278776168823, -0.017560461536049843, -0.016213644295930862, -0.014866827055811882, -0.013520009815692902, -0.012173193506896496, -0.010826376266777515, -0.00947955995798111, -0.00813274271786213, -0.006785925477743149, -0.005439109168946743, -0.004092290997505188, -0.002745474223047495, -0.0013986572157591581, -5.184020847082138e-05, 0.0012949765659868717, 0.002641793340444565, 0.003988610580563545, 0.005335426889359951, 0.006682243198156357, 0.008029060438275337, 0.009375876747071743, 0.010722693987190723, 0.01206951029598713, 0.01341632753610611, 0.01476314477622509, 0.01610996201634407, 0.0174567773938179, 0.018803594633936882, 0.020150411874055862, 0.021497227251529694, 0.022844044491648674, 0.024190861731767654, 0.025537678971886635, 0.026884496212005615, 0.028231313452124596, 0.029578130692243576, 0.030924947932362556, 0.03227176517248154, 0.03361858054995537, 0.0349653959274292, 0.03631221503019333, 0.03765903040766716, 0.03900584951043129, 0.04035266488790512, 0.04169948399066925, 0.04304629936814308, 0.04439311847090721, 0.04573993384838104, 0.04708675295114517, 0.048433568328619, 0.049780383706092834]}, "gradients/linear_1.bias": {"_type": "histogram", "values": [1.0, 0.0, 0.0, 0.0, 1.0, 0.0, 0.0, 0.0, 0.0, 0.0, 0.0, 0.0, 2.0, 8.0, 7.0, 0.0, 0.0, 0.0, 0.0, 0.0, 0.0, 0.0, 0.0, 0.0, 0.0, 0.0, 0.0, 0.0, 0.0, 0.0, 0.0, 0.0, 0.0, 0.0, 0.0, 0.0, 0.0, 0.0, 0.0, 0.0, 0.0, 0.0, 0.0, 0.0, 0.0, 0.0, 0.0, 0.0, 0.0, 0.0, 0.0, 0.0, 0.0, 0.0, 0.0, 0.0, 0.0, 0.0, 0.0, 0.0, 0.0, 0.0, 0.0, 1.0],