{"avg_idx_steps": 19.49, "idx_steps": 30, "_runtime": 366, "_timestamp": 1626615038, "_step": 4001, "Train avg_score": -14.688000000000006, "Score": -6.5, "graph_0": {"_type": "graph-file", "path": "media/graph/graph_0_summary_1e7864337034d67d5d3a.graph.json", "sha256": "1e7864337034d67d5d3ac5ee6c22ca2d175896230b44cf1d2cbe54915810e080", "size": 2463}, "Train actor_loss": 0.11967164278030396}