{"Train actor_loss": 0.607198129235321, "Train critic_loss*2": 0.8219471963217527, "Train total_loss": 1.4291453255570739, "_runtime": 17, "_timestamp": 1626257087, "_step": 1, "Train avg_score": -2.400000000000001}