{"Train avg_score": 0.04333333333333334, "Score": 0.9, "_runtime": 3480, "_timestamp": 1626362097, "_step": 8588, "Train actor_loss": -0.06352097759409357, "Train critic_loss*2": 0.3163944041398017, "Train total_loss": 0.2528734265457081}