{"avg_idx_steps": 18.56, "idx_steps": 30, "_runtime": 109, "_timestamp": 1626616648, "_step": 2165, "Train avg_score": -13.598000000000006, "Score": -32.30000000000001, "graph_0": {"_type": "graph-file", "path": "media/graph/graph_0_summary_4e0d39d62c6cd7d79584.graph.json", "sha256": "4e0d39d62c6cd7d79584463cbc6a6b835f8defb9a2c56943493568d02590f7fc", "size": 3629}, "Train actor_loss": 0.07795517146587372}