{"Idx_steps": 14, "_runtime": 152, "_timestamp": 1626371211, "_step": 6476, "Train avg_score": 0.24, "Score": 0, "Train actor_loss": -0.11837170245030805, "Train critic_loss*2": 0.1899143856552872, "Train total_loss": 0.07154268320497915}