{"avg_idx_steps": 15.785714285714286, "idx_steps": 11, "_runtime": 46, "_timestamp": 1626608771, "_step": 27, "Train avg_score": -9.95714285714286, "Score": -0.8999999999999986}