{"graph_0": {"_type": "graph-file", "path": "media/graph/graph_0_summary_d5e1195c035265e5736c.graph.json", "sha256": "d5e1195c035265e5736cde388895259ead67a9303e9c030b8d5dd7b8a964af0d", "size": 3365}, "graph_1": {"_type": "graph-file", "path": "media/graph/graph_1_summary_7ddf5ff5eeae729fd3c6.graph.json", "sha256": "7ddf5ff5eeae729fd3c6ece9f757860df62bd391f1db36dfb993e3330f9f71eb", "size": 3218}, "avg_idx_steps": 19.728, "idx_steps": 16, "_runtime": 2203, "_timestamp": 1626973620, "_step": 8819, "Train avg_score": 0.548, "Score": 0, "Train actor_loss": -0.030601792227893068, "Train critic_loss*2": 0.16493370670457647, "Train total_loss": 0.1343319144766834}