{"Train actor_loss": 0.2742954048626761, "Train critic_loss*2": 0.06297921199796003, "Train total_loss": 0.33727461686063614, "_runtime": 142, "_timestamp": 1626276908, "_step": 0}