{"Train actor_loss": -0.0, "Train critic_loss*2": 12402.250229047611, "Train total_loss": 12402.250229047611, "_runtime": 27, "_timestamp": 1626104468, "_step": 3, "Train avg_score": -0.7000000000000004}