{"Train avg_score": 0.7, "Score": 1, "_runtime": 1382, "_timestamp": 1626368177, "_step": 2430, "Train actor_loss": 0.03527413833827396, "Train critic_loss*2": 0.026266699961347326, "Train total_loss": 0.06154083829962129}