{"avg_idx_steps": 18.0, "idx_steps": 30, "_runtime": 159, "_timestamp": 1626614654, "_step": 1803, "Train avg_score": -12.212000000000005, "Score": -5.299999999999997, "graph_0": {"_type": "graph-file", "path": "media/graph/graph_0_summary_890631b06b90f56c360b.graph.json", "sha256": "890631b06b90f56c360b2051fd902cd34a86f6d5552cc38333ed7e601f7985be", "size": 2463}, "Train actor_loss": 0.09083716571331024}