{"Train actor_loss": 0.0959819708249588, "Train critic_loss*2": 0.009802266099891951, "Train total_loss": 0.10578423692485074, "_runtime": 174, "_timestamp": 1626277205, "_step": 97, "Train avg_score": -1.1400000000000006}