{"avg_idx_steps": 19.48, "idx_steps": 30, "_runtime": 102, "_timestamp": 1626558583, "_step": 199, "Train avg_score": -14.435353535353538, "Score": -32.10000000000001, "graph_0": {"_type": "graph-file", "path": "media/graph/graph_0_summary_9cd8ed490797f3fc1361.graph.json", "sha256": "9cd8ed490797f3fc1361880f50fb1831c518d26516f8baba020adf6ed2c1eb14", "size": 3450}, "Train actor_loss": 0.06757109612226486}