{"graph_0": {"_type": "graph-file", "path": "media/graph/graph_0_summary_06d5c753f41f505ac76d.graph.json", "sha256": "06d5c753f41f505ac76d3e8e8ed8431ef1e05b7a5de0a9cb4c53f7b8ae27fe81", "size": 482}, "avg_idx_steps": 18.62, "idx_steps": 3, "_runtime": 195, "_timestamp": 1626543989, "_step": 6059, "Train avg_score": -13.751000000000008, "Score": 7.8, "Train actor_loss": 0.09408704936504364}