{"Train actor_loss": 0.6689268470042364, "Train critic_loss*2": 7029.841399017445, "Train total_loss": 7030.510325864449, "_runtime": 69, "_timestamp": 1626103928, "_step": 3, "Train avg_score": 0.0}