{"graph_0": {"_type": "graph-file", "path": "media/graph/graph_0_summary_77eaa001e2e466183cf0.graph.json", "sha256": "77eaa001e2e466183cf0879ffd73ba0551aee6448c2fcd0d88b7ca77df3f9c81", "size": 3241}, "avg_idx_steps": 17.52, "idx_steps": 23, "_runtime": 31, "_timestamp": 1626540602, "_step": 356, "Train avg_score": -12.024000000000003, "Score": -13.800000000000004, "Train actor_loss": 0.1033879891037941}