{"Train avg_score": -1.0733333333333337, "Score": -2.700000000000001, "_runtime": 108, "_timestamp": 1626299904, "_step": 86, "Train actor_loss": -0.30077174305916043, "Train critic_loss*2": 0.04624630118458306, "Train total_loss": -0.2545254418745774}