{"graph_0": {"_type": "graph-file", "path": "media/graph/graph_0_summary_fd79ee127c2a577f63c1.graph.json", "sha256": "fd79ee127c2a577f63c1efd21e886ad53139a3b5dac6693ec35a785adf294756", "size": 3365}, "graph_1": {"_type": "graph-file", "path": "media/graph/graph_1_summary_a63e9ca07957b2887748.graph.json", "sha256": "a63e9ca07957b288774802c69de1c590ee8f8e9fef75a924f78edf1b14dfec03", "size": 3218}, "avg_idx_steps": 18.874, "idx_steps": 5, "_runtime": 4442, "_timestamp": 1626978091, "_step": 20049, "Train avg_score": 0.03179999999999998, "Score": 0.9, "Train actor_loss": 0.03122716325007424, "Train critic_loss*2": 0.343280041043982, "Train total_loss": 0.37450720429405626}