{"avg_idx_steps": 19.4, "idx_steps": 3, "_runtime": 241, "_timestamp": 1626560064, "_step": 3128, "Train avg_score": -15.454000000000006, "Score": -32.30000000000001, "graph_0": {"_type": "graph-file", "path": "media/graph/graph_0_summary_2524f937912346c421a3.graph.json", "sha256": "2524f937912346c421a3e4eaf953894d3683e44f274e6e0774d3f00ec7a9807b", "size": 3544}, "Train actor_loss": 0.03671901300549507}