{"Train actor_loss": 0.002292135743482959, "Train critic_loss*2": 0.0008881982125870935, "Train total_loss": 0.0031803339560700526, "_runtime": 3, "_timestamp": 1626258490, "_step": 1, "Train avg_score": 1.0}