{"Train actor_loss": -0.0, "Train critic_loss*2": 0.000701848513108172, "Train total_loss": 0.000701848513108172, "_runtime": 2, "_timestamp": 1626125566, "_step": 1, "Train avg_score": 1.0}