{"avg_idx_steps": 18.85, "idx_steps": 30, "_runtime": 17, "_timestamp": 1626616288, "_step": 298, "Train avg_score": -14.321000000000003, "Score": -4.099999999999998}