{"avg_idx_steps": 19.42, "idx_steps": 30, "_runtime": 655, "_timestamp": 1626553470, "_step": 6059, "Train avg_score": -14.825000000000005, "Score": -32.70000000000002, "graph_0": {"_type": "graph-file", "path": "media/graph/graph_0_summary_adeca6b8557a7d68c084.graph.json", "sha256": "adeca6b8557a7d68c084fd32b2d134a6f5dcd88571feb58fb33999fd4ed4f30c", "size": 3372}, "Train actor_loss": 0.05360554903745651}