{"Train avg_score": -0.24444444444444446, "Score": 0.30000000000000004, "_runtime": 3, "_timestamp": 1626299762, "_step": 8}