{"graph_0": {"_type": "graph-file", "path": "media/graph/graph_0_summary_c0e2f479e98ed8a20dd3.graph.json", "sha256": "c0e2f479e98ed8a20dd338a2bdb3cf4dfe28ac046d1e6cc039ed4250706bcdd1", "size": 3241}, "avg_idx_steps": 17.47, "idx_steps": 5, "_runtime": 118, "_timestamp": 1626540098, "_step": 1447, "Train avg_score": -12.203000000000001, "Score": 5.699999999999999, "Train actor_loss": 0.09395867586135864}