{"avg_idx_steps": 17.555555555555557, "idx_steps": 22, "_runtime": 40, "_timestamp": 1626623409, "_step": 55, "Train avg_score": -11.51481481481482, "Score": -12.3, "graph_0": {"_type": "graph-file", "path": "media/graph/graph_0_summary_19719650ec90a87eab6c.graph.json", "sha256": "19719650ec90a87eab6c8121b461823b31a1173aaeb77c8023f2458fc8477154", "size": 3553}, "Train actor_loss": 0.10080644488334656}