{"Train actor_loss": -0.19935991145341692, "Train critic_loss*2": 0.06526484101654204, "Train total_loss": -0.13409507043687488, "_runtime": 2287, "_timestamp": 1626102878, "_step": 27, "Train avg_score": -1.3142857142857147}