{"Train actor_loss": 0.16712841268178397, "Train critic_loss*2": 0.13205457521674094, "Train total_loss": 0.29918298789852493, "_runtime": 258, "_timestamp": 1626257492, "_step": 17, "Train avg_score": -1.0444444444444447}