{"graph_0": {"_type": "graph-file", "path": "media/graph/graph_0_summary_13feb3a18328ba842580.graph.json", "sha256": "13feb3a18328ba842580e353fd6f8b2d8b513953f47b6be1bdb94040c5c10eee", "size": 3372}, "graph_1": {"_type": "graph-file", "path": "media/graph/graph_1_summary_1497876fcec933426d30.graph.json", "sha256": "1497876fcec933426d300cde768c5442dd1c57e2295971988699de1e78ef3c97", "size": 3218}, "avg_idx_steps": 21.98, "idx_steps": 7, "_runtime": 1732, "_timestamp": 1626473249, "_step": 4501, "Train avg_score": -18.070999999999998, "Score": 3.700000000000001, "Train actor_loss": 0.09601333434370357, "Train critic_loss*2": 7.623993537676938, "Train total_loss": 7.720006872020642}