{"Train actor_loss": 0.5508828437771262, "Train critic_loss*2": 0.9122529388470715, "Train total_loss": 1.4631357826241977, "_runtime": 94, "_timestamp": 1626220002, "_step": 5, "Train avg_score": -0.46666666666666695}