{"avg_idx_steps": 18.294, "idx_steps": 30, "_runtime": 591, "_timestamp": 1626900859, "_step": 20049, "Train avg_score": -0.056200000000000035, "Score": -0.5, "graph_0": {"_type": "graph-file", "path": "media/graph/graph_0_summary_ada7907d53827b17c8f2.graph.json", "sha256": "ada7907d53827b17c8f2dc2282557f76aed9274bb10ca7fc003cebf6fe2cf86e", "size": 1126}, "Train actor_loss": 0.09527437388896942}