{"avg_idx_steps": 19.52, "idx_steps": 6, "_runtime": 97, "_timestamp": 1626560211, "_step": 401, "Train avg_score": -14.620000000000005, "Score": -32.600000000000016, "graph_0": {"_type": "graph-file", "path": "media/graph/graph_0_summary_ede870c5c69ace668134.graph.json", "sha256": "ede870c5c69ace6681347fb2dbba6e83952e07b7ac7d27f6bde17e7eb9c37603", "size": 3584}, "Train actor_loss": 0.11634589731693268}