{"avg_idx_steps": 20.0, "idx_steps": 8, "_runtime": 58, "_timestamp": 1626558070, "_step": 300, "Train avg_score": -15.527000000000003, "Score": -32.30000000000001, "graph_0": {"_type": "graph-file", "path": "media/graph/graph_0_summary_6c945a40a80d0dba2b2e.graph.json", "sha256": "6c945a40a80d0dba2b2eeb901fb57f14e7ad021d4635207e28491c26dfdc63d2", "size": 3411}, "Train actor_loss": 0.042296525090932846}