{"avg_idx_steps": 17.2, "idx_steps": 5, "_runtime": 14, "_timestamp": 1626617021, "_step": 18, "Train avg_score": -13.777777777777786, "Score": -14.600000000000005, "graph_0": {"_type": "graph-file", "path": "media/graph/graph_0_summary_2e31e70f97ced838a739.graph.json", "sha256": "2e31e70f97ced838a739b427d95b89a68ff647addbabaa2ffedd4082ea073d38", "size": 3707}}