{"avg_idx_steps": 19.25925925925926, "idx_steps": 30, "_runtime": 76, "_timestamp": 1626617285, "_step": 55, "Train avg_score": -15.418518518518525, "Score": -32.70000000000002, "graph_0": {"_type": "graph-file", "path": "media/graph/graph_0_summary_ff94bc39c3e48ee9b654.graph.json", "sha256": "ff94bc39c3e48ee9b65465753aceba31f3fc37965031ef3fe2df39bbb3511334", "size": 3673}, "Train actor_loss": 0.002508734818547964}