{"avg_idx_steps": 18.64, "idx_steps": 30, "_runtime": 4, "_timestamp": 1626552032, "_step": 98, "Train avg_score": -13.277551020408168, "Score": 6.699999999999999}