{"Train actor_loss": 0.6317805160672596, "Train critic_loss*2": 0.9226806218551169, "Train total_loss": 1.5544611379223765, "_runtime": 17, "_timestamp": 1626217451, "_step": 1, "Train avg_score": -2.700000000000001}