{"graph_0": {"_type": "graph-file", "path": "media/graph/graph_0_summary_6e175b61c08c895fd61c.graph.json", "sha256": "6e175b61c08c895fd61c64ff24dfc6f970bea031c0775d98686d3eee30156182", "size": 3372}, "graph_1": {"_type": "graph-file", "path": "media/graph/graph_1_summary_29bbe6caff50de9c949c.graph.json", "sha256": "29bbe6caff50de9c949c6c68fb5d5868fb6c436472856819627aac10d4e5225f", "size": 3218}, "avg_idx_steps": 18.84, "idx_steps": 4, "_runtime": 42, "_timestamp": 1626518137, "_step": 199, "Train avg_score": -14.824242424242428, "Score": -15.300000000000008, "Train actor_loss": 2.0657249843306884, "Train critic_loss*2": 31.27334150927439, "Train total_loss": 33.339066493605074}