{"Train actor_loss": 0.37290159405344303, "Train critic_loss*2": 0.14176373841307718, "Train total_loss": 0.5146653324665202, "_runtime": 66, "_timestamp": 1626274511, "_step": 47, "Train avg_score": -0.941666666666667}