{"avg_idx_steps": 18.55, "idx_steps": 10, "_runtime": 119, "_timestamp": 1626557387, "_step": 502, "Train avg_score": -14.107000000000005, "Score": 4.8, "graph_0": {"_type": "graph-file", "path": "media/graph/graph_0_summary_83fe4e619264fac8729a.graph.json", "sha256": "83fe4e619264fac8729aeef3f8378828cc9257d1faa6d626644cac41afc8725f", "size": 3372}, "Train actor_loss": 0.04202356934547424}