{"avg_idx_steps": 18.744, "idx_steps": 30, "_runtime": 524, "_timestamp": 1626822406, "_step": 23302, "Train avg_score": -13.269400000000001, "Score": -30.700000000000006, "graph_0": {"_type": "graph-file", "path": "media/graph/graph_0_summary_056c3cf0cc84cd1078b4.graph.json", "sha256": "056c3cf0cc84cd1078b4956a8d7a884fa9a524ceb16054d1eb55682c075c9fc6", "size": 1126}, "Train actor_loss": 0.10966859012842178}