{"avg_idx_steps": 21.235294117647058, "idx_steps": 23, "_runtime": 49, "_timestamp": 1626615693, "_step": 33, "Train avg_score": -16.411764705882362, "Score": -13.90000000000001}