{"avg_idx_steps": 22.4, "idx_steps": 30, "_runtime": 464, "_timestamp": 1626560837, "_step": 9561, "Train avg_score": -18.538999999999998, "Score": -30.1, "graph_0": {"_type": "graph-file", "path": "media/graph/graph_0_summary_a1c2f829e6e1c0a3e973.graph.json", "sha256": "a1c2f829e6e1c0a3e973d279143ab76574133e23124f6eef3f22fd915b2bb5ce", "size": 3536}, "Train actor_loss": 0.14441514015197754, "gradients/linear_1.bias": {"_type": "histogram", "values": [1.0, 0.0, 0.0, 0.0, 0.0, 0.0, 0.0, 0.0, 0.0, 0.0, 0.0, 0.0, 0.0, 0.0, 0.0, 0.0, 0.0, 0.0, 0.0, 0.0, 0.0, 0.0, 0.0, 0.0, 0.0, 0.0, 0.0, 0.0, 0.0, 0.0, 0.0, 0.0, 0.0, 0.0, 0.0, 0.0, 0.0, 0.0, 0.0, 0.0, 0.0, 0.0, 1.0, 0.0, 0.0, 0.0, 0.0, 0.0, 0.0, 0.0, 0.0, 0.0, 0.0, 0.0, 0.0, 0.0, 0.0, 0.0, 0.0, 0.0, 0.0, 0.0, 0.0, 1.0], "bins": [-0.04287116974592209, -0.042493581771850586, -0.04211599379777908, -0.04173840582370758, -0.04136081784963608, -0.04098322615027428, -0.040605638176202774, -0.04022805020213127, -0.03985046222805977, -0.039472874253988266, -0.03909528627991676, -0.03871769830584526, -0.03834011033177376, -0.03796251863241196, -0.037584930658340454, -0.03720734268426895, -0.03682975471019745, -0.036452166736125946, -0.03607457876205444, -0.03569699078798294, -0.03531940281391144, -0.03494181111454964, -0.034564223140478134, -0.03418663516640663, -0.03380904719233513, -0.033431459218263626, -0.03305387124419212, -0.03267628327012062, -0.03229869529604912, -0.03192110359668732, -0.031543515622615814, -0.03116592764854431, -0.03078833967447281, -0.030410751700401306, -0.030033163726329803, -0.02965557388961315, -0.02927798591554165, -0.028900397941470146, -0.028522809967398643, -0.02814522013068199, -0.02776763215661049, -0.027390044182538986, -0.027012456208467484, -0.02663486637175083, -0.02625727839767933, -0.025879690423607826, -0.025502102449536324, -0.02512451261281967, -0.024746926501393318, -0.024369338527321815, -0.023991750553250313, -0.02361416071653366, -0.023236572742462158, -0.022858984768390656, -0.022481396794319153, -0.0221038069576025, -0.021726218983530998, -0.021348631009459496, -0.020971043035387993, -0.02059345319867134, -0.020215865224599838, -0.019838277250528336, -0.019460689276456833, -0.01908309943974018, -0.01870551146566868]}, "gradients/linear_1.weight": {"_type": "histogram", "values": [1.0, 0.0, 0.0, 0.0, 0.0, 0.0, 0.0, 0.0, 0.0, 0.0, 0.0, 0.0, 0.0, 0.0, 0.0, 0.0, 0.0, 0.0, 1.0, 0.0, 0.0, 0.0, 0.0, 0.0, 0.0, 0.0, 0.0, 0.0, 0.0, 0.0, 0.0, 0.0, 0.0, 0.0, 0.0, 0.0, 0.0, 0.0, 0.0, 1.0, 0.0, 0.0, 0.0, 0.0, 0.0, 0.0, 0.0, 0.0, 0.0, 0.0, 0.0, 0.0, 0.0, 0.0, 0.0, 0.0, 0.0, 1.0, 1.0, 0.0, 0.0, 0.0, 0.0, 187.0], "bins": [-0.01588154025375843, -0.015633391216397285, -0.01538524217903614, -0.015137093141674995, -0.01488894410431385, -0.014640795066952705, -0.01439264602959156, -0.014144496992230415, -0.01389634795486927, -0.013648198917508125, -0.01340004988014698, -0.013151900842785835, -0.01290375180542469, -0.012655602768063545, -0.0124074537307024, -0.012159304693341255, -0.01191115565598011, -0.011663006618618965, -0.01141485758125782, -0.011166708543896675, -0.01091855950653553, -0.010670410469174385, -0.01042226143181324, -0.010174112394452095, -0.009925962425768375, -0.00967781338840723, -0.009429664351046085, -0.00918151531368494, -0.008933366276323795, -0.00868521723896265, -0.008437068201601505, -0.00818891916424036, -0.007940770126879215, -0.00769262108951807, -0.007444472052156925, -0.00719632301479578, -0.006948173977434635, -0.00670002494007349, -0.006451875902712345, -0.0062037268653512, -0.005955577827990055, -0.00570742879062891, -0.005459279753267765, -0.00521113071590662, -0.004962981678545475, -0.00471483264118433, -0.004466683603823185, -0.00421853456646204, -0.003970385063439608, -0.0037222360260784626, -0.0034740869887173176, -0.0032259379513561726, -0.0029777889139950275, -0.0027296398766338825, -0.002481490606442094, -0.002233341569080949, -0.001985192531719804, -0.0017370434943586588, -0.0014888944569975138, -0.001240745303221047, -0.000992596265859902, -0.0007444472284987569, -0.00049629807472229, -0.000248149037361145, 0.0]}, "gradients/linear_0.bias": {"_type": "histogram", "values": [1.0, 0.0, 0.0, 0.0, 0.0, 0.0, 0.0, 0.0, 0.0, 1.0, 0.0, 0.0, 0.0, 0.0, 0.0, 0.0, 0.0, 0.0, 0.0, 0.0, 0.0, 0.0, 0.0, 0.0, 0.0, 0.0, 0.0, 0.0, 0.0, 0.0, 0.0, 0.0, 0.0, 0.0, 0.0, 0.0, 0.0, 0.0, 0.0, 0.0, 0.0, 0.0, 0.0, 0.0, 0.0, 0.0, 0.0, 0.0, 0.0, 0.0, 0.0, 0.0, 0.0, 0.0, 0.0, 0.0, 0.0, 0.0, 0.0, 0.0, 0.0, 0.0, 0.0, 62.0], "bins": [-0.0026740501634776592, -0.002632268238812685, -0.002590486081317067, -0.002548704156652093, -0.002506921999156475, -0.002465140074491501, -0.002423357916995883, -0.0023815759923309088, -0.002339793834835291, -0.0022980119101703167, -0.002256229752674699, -0.0022144478280097246, -0.0021726656705141068, -0.0021308837458491325, -0.0020891015883535147, -0.0020473196636885405, -0.0020055375061929226, -0.0019637555815279484, -0.0019219734240323305, -0.0018801913829520345, -0.0018384093418717384, -0.0017966273007914424, -0.0017548452597111464, -0.0017130633350461721, -0.001671281410381198, -0.0016294993693009019, -0.0015877173282206059, -0.0015459352871403098, -0.0015041532460600138, -0.0014623712049797177, -0.0014205891638994217, -0.0013788072392344475, -0.0013370250817388296, -0.0012952430406585336, -0.0012534609995782375, -0.0012116789584979415, -0.0011698969174176455, -0.0011281148763373494, -0.0010863328352570534, -0.0010445509105920792, -0.0010027687530964613, -0.0009609867120161653, -0.0009192046709358692, -0.0008774226298555732, -0.0008356405887752771, -0.0007938585476949811, -0.000752076564822346, -0.0007102945237420499, -0.0006685125408694148, -0.0006267304997891188, -0.0005849484587088227, -0.0005431664176285267, -0.0005013843765482306, -0.00045960236457176507, -0.0004178203525952995, -0.00037603831151500344, -0.0003342562704347074, -0.00029247422935441136, -0.0002506921882741153, -0.00020891017629764974, -0.0001671281352173537, -0.00012534609413705766, -8.356408216059208e-05, -4.178204108029604e-05, 0.0]}, "gradients/linear_0.weight": {"_type": "histogram", "values": [1.0, 1.0, 0.0, 0.0, 0.0, 0.0, 0.0, 0.0, 0.0, 0.0, 0.0, 0.0, 0.0, 0.0, 0.0, 0.0, 0.0, 0.0, 0.0, 1.0, 0.0, 0.0, 0.0, 1.0, 3.0, 2.0, 2.0, 0.0, 2.0, 5.0, 4.0, 4.0, 6.0, 12.0, 9.0, 8.0, 21.0, 12.0, 18.0, 33.0, 40.0, 44.0, 42.0, 55.0, 75.0, 97.0, 59.0, 92.0, 184.0, 134.0, 123.0, 134.0, 53152.0, 12.0, 7.0, 0.0, 2.0, 2.0, 0.0, 0.0, 0.0, 0.0, 0.0, 1.0], "bins": [-0.00307643786072731, -0.003017448354512453, -0.002958458848297596, -0.0028994691092520952, -0.002840479603037238, -0.002781490096822381, -0.002722500590607524, -0.002663510851562023, -0.002604521345347166, -0.002545531839132309, -0.002486542332917452, -0.002427552593871951, -0.002368563087657094, -0.002309573581442237, -0.00225058407522738, -0.002191594336181879, -0.002132604829967022, -0.002073615323752165, -0.0020146258175373077, -0.001955636078491807, -0.0018966465722769499, -0.0018376570660620928, -0.0017786675598472357, -0.0017196779372170568, -0.0016606885474175215, -0.0016016990412026644, -0.0015427094185724854, -0.0014837199123576283, -0.0014247302897274494, -0.0013657407835125923, -0.0013067512772977352, -0.0012477616546675563, -0.0011887720320373774, -0.0011297825258225203, -0.0010707929031923413, -0.0010118033969774842, -0.0009528137743473053, -0.0008938242681324482, -0.0008348347037099302, -0.0007758451392874122, -0.0007168554584495723, -0.0006578658940270543, -0.0005988763296045363, -0.0005398867651820183, -0.0004808972298633307, -0.0004219076654408127, -0.00036291813012212515, -0.00030392856569960713, -0.00024493905948475003, -0.00018594949506223202, -0.00012695994519162923, -6.797039532102644e-05, -8.98083089850843e-06, 5.0008733524009585e-05, 0.00010899826884269714, 0.00016798783326521516, 0.00022697739768773317, 0.0002859669621102512, 0.0003449565265327692, 0.00040394606185145676, 0.0004629356262739748, 0.0005219251615926623, 0.0005809147260151803, 0.0006399042904376984, 0.0006988938548602164]}}