{"Train actor_loss": 0.19574683136914406, "Train critic_loss*2": 0.1273490822837884, "Train total_loss": 0.32309591365293244, "_runtime": 211, "_timestamp": 1626217299, "_step": 9, "Train avg_score": -0.7000000000000003}