{"avg_idx_steps": 21.49, "idx_steps": 30, "_runtime": 289, "_timestamp": 1626546063, "_step": 6059, "Train avg_score": -18.508000000000006, "Score": -33.000000000000014, "graph_0": {"_type": "graph-file", "path": "media/graph/graph_0_summary_d5a468ca3e13928feb04.graph.json", "sha256": "d5a468ca3e13928feb04891c451e945da749ea4bbfdf452a742a3a8c9723f098", "size": 613}, "Train actor_loss": 6595.40478515625}