{"avg_idx_steps": 18.82, "idx_steps": 5, "_runtime": 12, "_timestamp": 1626616184, "_step": 298, "Train avg_score": -14.556000000000006, "Score": -32.70000000000002}