{"Train actor_loss": 0.19517917126803985, "Train critic_loss*2": 0.16888383921102879, "Train total_loss": 0.36406301047906864, "_runtime": 24, "_timestamp": 1626277781, "_step": 11, "Train avg_score": -0.7333333333333335}