{"Train actor_loss": 0.4457828707211997, "Train critic_loss*2": 0.4860959008370977, "Train total_loss": 0.9318787715582975, "_runtime": 17, "_timestamp": 1626258719, "_step": 1, "Train avg_score": -2.1000000000000005}