{"avg_idx_steps": 17.77, "idx_steps": 18, "_runtime": 22, "_timestamp": 1626614074, "_step": 300, "Train avg_score": -12.156000000000006, "Score": 2.8000000000000007, "graph_0": {"_type": "graph-file", "path": "media/graph/graph_0_summary_83ba24aec433da0aa846.graph.json", "sha256": "83ba24aec433da0aa84653d5dc7c65481c8d9988e33fddf02c42cc3a319fa2c1", "size": 2463}, "Train actor_loss": 0.10394660383462906}