{"Train actor_loss": -0.19038689681793342, "Train critic_loss*2": 0.45136047942927987, "Train total_loss": 0.26097358261134646, "_runtime": 15, "_timestamp": 1626263195, "_step": 39, "Train avg_score": -1.2450000000000006}