{"avg_idx_steps": 15.342857142857143, "idx_steps": 9, "_runtime": 4, "_timestamp": 1626552394, "_step": 69, "Train avg_score": -8.642857142857148, "Score": 1.200000000000001}