{"avg_idx_steps": 17.64, "idx_steps": 10, "_runtime": 62, "_timestamp": 1626552788, "_step": 502, "Train avg_score": -11.936000000000005, "Score": -31.900000000000016, "graph_0": {"_type": "graph-file", "path": "media/graph/graph_0_summary_8370de93fa964029ed2f.graph.json", "sha256": "8370de93fa964029ed2f44d73f62bd0f6c76fe6f0a05e21a231d0fe767df4078", "size": 3372}, "Train actor_loss": 0.05058576911687851}