{"avg_idx_steps": 19.752, "idx_steps": 12, "_runtime": 570, "_timestamp": 1626979954, "_step": 20199, "Train avg_score": -0.19480000000000006, "Score": 0.5, "graph_0": {"_type": "graph-file", "path": "media/graph/graph_0_summary_a5812ba065907d3bee0c.graph.json", "sha256": "a5812ba065907d3bee0c43fc1f67d02be0821045cad045ea44a30a0a9a873ce7", "size": 3517}, "Train actor_loss": 0.1351030021905899}