{"avg_idx_steps": 19.24, "idx_steps": 7, "_runtime": 61, "_timestamp": 1626552467, "_step": 199, "Train avg_score": -14.750505050505057, "Score": -20.300000000000015, "graph_0": {"_type": "graph-file", "path": "media/graph/graph_0_summary_6a222810428ed3329a11.graph.json", "sha256": "6a222810428ed3329a112e4f001388c1a0d5ec377201733cd0ca1e75b41ba7f1", "size": 3372}, "Train actor_loss": 0.06573436409235}