{"avg_idx_steps": 19.09, "idx_steps": 8, "_runtime": 37, "_timestamp": 1626616811, "_step": 237, "Train avg_score": -14.508000000000006, "Score": 2.4000000000000004, "graph_0": {"_type": "graph-file", "path": "media/graph/graph_0_summary_93092d1c18cb37d09d01.graph.json", "sha256": "93092d1c18cb37d09d016930f5136e2ccc5cbc76e55de1e7e3734cab56502905", "size": 3667}, "Train actor_loss": 0.002534405328333378}