{"Train actor_loss": -1970409420.858846, "Train critic_loss*2": 7.418280654854316e+19, "Train total_loss": 7.418280654657275e+19, "_runtime": 211, "_timestamp": 1626213350, "_step": 5, "Train avg_score": -2.3000000000000007}