{"avg_idx_steps": 19.31111111111111, "idx_steps": 8, "_runtime": 24, "_timestamp": 1626554381, "_step": 180, "Train avg_score": -15.085555555555562, "Score": 2.4000000000000004, "graph_0": {"_type": "graph-file", "path": "media/graph/graph_0_summary_5de934282df0be7be0ca.graph.json", "sha256": "5de934282df0be7be0cafbd38b88bfe1fd32b12aff9007f415c3dcaacce4c06c", "size": 3372}, "Train actor_loss": 0.04797227680683136}