{"avg_idx_steps": 23.076923076923077, "idx_steps": 6, "_runtime": 5, "_timestamp": 1626975943, "_step": 25, "Train avg_score": -0.6230769230769232, "Score": 0.9}