{"avg_idx_steps": 17.0, "idx_steps": 8, "_runtime": 14, "_timestamp": 1626617171, "_step": 18, "Train avg_score": -10.85555555555556, "Score": -18.100000000000012, "graph_0": {"_type": "graph-file", "path": "media/graph/graph_0_summary_7c783e7d0dc640797bb1.graph.json", "sha256": "7c783e7d0dc640797bb106f9c3fedab1b55b8ac31c7a07e420e2ffc731b923f6", "size": 3707}}