{"Train avg_score": 6.203333333333333, "Score": -1.3, "_runtime": 107, "_timestamp": 1626294222, "_step": 118, "Train actor_loss": -0.7017558524132432, "Train critic_loss*2": 8.03089970999065, "Train total_loss": 7.329143857577406}