{"avg_idx_steps": 15.63, "idx_steps": 3, "_runtime": 156, "_timestamp": 1626558246, "_step": 249, "Train avg_score": -9.187000000000006, "Score": 7.8, "graph_0": {"_type": "graph-file", "path": "media/graph/graph_0_summary_e18621dc0c4b792f4867.graph.json", "sha256": "e18621dc0c4b792f4867e54bb3fbef53fc9a5f025133eecab3f60f4c47f0288f", "size": 3450}, "Train actor_loss": 0.3436010777950287}