{"avg_idx_steps": 15.4, "idx_steps": 30, "_runtime": 4, "_timestamp": 1626617712, "_step": 18, "Train avg_score": -6.211111111111115, "Score": -5.699999999999999, "graph_0": {"_type": "graph-file", "path": "media/graph/graph_0_summary_e53d2b1356c60b8e11f5.graph.json", "sha256": "e53d2b1356c60b8e11f583292dc0f5cd0939c4e14c9ee93babf32a5327dc8cdd", "size": 3669}}