{"Train actor_loss": -0.030062608234186917, "Train critic_loss*2": 0.0019840511076834873, "Train total_loss": -0.02807855712650343, "_runtime": 190, "_timestamp": 1626293328, "_step": 103, "Train avg_score": 2.0666666666666664, "Score": -0.1}