{"Train actor_loss": 0.5525904937421371, "Train critic_loss*2": 0.7296060406731713, "Train total_loss": 1.2821965344153083, "_runtime": 59, "_timestamp": 1626219868, "_step": 3, "Train avg_score": -1.6500000000000006}