{"avg_idx_steps": 18.85, "idx_steps": 30, "_runtime": 194, "_timestamp": 1626614282, "_step": 2017, "Train avg_score": -13.513000000000007, "Score": 0.10000000000000142, "graph_0": {"_type": "graph-file", "path": "media/graph/graph_0_summary_d8a220f0d35f71a04fdf.graph.json", "sha256": "d8a220f0d35f71a04fdf1bec517304a4c29fc1c19717b4db71ab432da198938e", "size": 2463}, "Train actor_loss": 0.04082959145307541}