{"avg_idx_steps": 20.64, "idx_steps": 30, "_runtime": 47, "_timestamp": 1626616249, "_step": 1235, "Train avg_score": -16.590000000000003, "Score": -32.30000000000001, "graph_0": {"_type": "graph-file", "path": "media/graph/graph_0_summary_e836679fe6056746f29f.graph.json", "sha256": "e836679fe6056746f29f3b37397b3b6c29af3bc323ee75d5ceac83e60b33ec7c", "size": 3627}, "Train actor_loss": 0.08467858284711838}