{"Train actor_loss": 0.5155362516648293, "Train critic_loss*2": 0.6048476032511707, "Train total_loss": 1.1203838549160001, "_runtime": 147, "_timestamp": 1626261291, "_step": 3, "Train avg_score": -2.250000000000001}