{"avg_idx_steps": 16.06, "idx_steps": 5, "_runtime": 205, "_timestamp": 1626559803, "_step": 3188, "Train avg_score": -9.927000000000003, "Score": 5.699999999999999, "graph_0": {"_type": "graph-file", "path": "media/graph/graph_0_summary_90b43fe543f988710532.graph.json", "sha256": "90b43fe543f98871053209af559a2656d39cc9355fe4ab45269ddf912cc8d46d", "size": 3544}, "Train actor_loss": 0.059762902557849884}