{"avg_idx_steps": 19.87, "idx_steps": 30, "_runtime": 12, "_timestamp": 1626552128, "_step": 277, "Train avg_score": -16.011000000000003, "Score": -32.80000000000002, "graph_0": {"_type": "graph-file", "path": "media/graph/graph_0_summary_1649e3f737fbef442d0f.graph.json", "sha256": "1649e3f737fbef442d0fe240ebc84a1d1bded21648d055e6de432d23c96f111a", "size": 613}, "Train actor_loss": 86.1269302368164}