{"graph_0": {"_type": "graph-file", "path": "media/graph/graph_0_summary_cc5053fee8b0c070d972.graph.json", "sha256": "cc5053fee8b0c070d9724bd4dcb33b87c7bb8e32939bb77e73fa897eefe81e6a", "size": 482}, "avg_idx_steps": 17.47761194029851, "idx_steps": 3, "_runtime": 15, "_timestamp": 1626543713, "_step": 134, "Train avg_score": -12.035820895522393, "Score": 7.8, "Train actor_loss": 0.11514541506767273}