{"avg_idx_steps": 20.05, "idx_steps": 7, "_runtime": 228, "_timestamp": 1626819756, "_step": 2328, "Train avg_score": -15.795000000000005, "Score": -32.000000000000014, "graph_0": {"_type": "graph-file", "path": "media/graph/graph_0_summary_65cef9a3baf71fadd9e2.graph.json", "sha256": "65cef9a3baf71fadd9e29201793133551c1af21266bd60ec58e867812a63b48d", "size": 1121}, "Train actor_loss": 0.10795171558856964, "gradients/linear_1.bias": {"_type": "histogram", "values": [1.0, 0.0, 0.0, 0.0, 0.0, 0.0, 0.0, 0.0, 0.0, 0.0, 0.0, 0.0, 0.0, 0.0, 0.0, 0.0, 0.0, 1.0, 0.0, 0.0, 0.0, 1.0, 0.0, 0.0, 0.0, 0.0, 0.0, 0.0, 0.0, 0.0, 0.0, 0.0, 0.0, 0.0, 0.0, 1.0, 0.0, 0.0, 0.0, 0.0, 0.0, 0.0, 2.0, 2.0, 2.0, 5.0, 2.0, 1.0, 0.0, 1.0, 1.0, 1.0, 2.0, 2.0, 2.0, 2.0, 1.0, 0.0, 0.0, 0.0, 0.0, 0.0, 0.0, 1.0], "bins": [-0.03348276764154434, -0.03272340074181557, -0.031964030116796494, -0.03120466135442257, -0.030445292592048645, -0.02968592382967472, -0.028926555067300797, -0.02816718816757202, -0.027407817542552948, -0.026648448780179024, -0.0258890800178051, -0.025129711255431175, -0.02437034249305725, -0.023610973730683327, -0.022851604968309402, -0.022092238068580627, -0.021332869306206703, -0.02057350054383278, -0.019814131781458855, -0.01905476301908493, -0.018295394256711006, -0.017536025494337082, -0.016776658594608307, -0.016017287969589233, -0.015257921069860458, -0.014498552307486534, -0.01373918354511261, -0.012979814782738686, -0.012220446020364761, -0.011461077257990837, -0.010701709426939487, -0.009942340664565563, -0.009182972833514214, -0.00842360407114029, -0.007664235308766365, -0.006904867012053728, -0.006145498249679804, -0.00538612948730588, -0.004626761190593243, -0.0038673924282193184, -0.0031080227345228195, -0.0023486539721488953, -0.0015892854426056147, -0.0008299169130623341, -7.05481506884098e-05, 0.0006888206116855145, 0.0014481889083981514, 0.0022075576707720757, 0.0029669255018234253, 0.0037262942641973495, 0.004485663026571274, 0.005245031323283911, 0.006004400085657835, 0.006763768848031759, 0.007523137144744396, 0.00828250590711832, 0.009041874669492245, 0.009801243431866169, 0.010560612194240093, 0.011319980025291443, 0.012079348787665367, 0.012838717550039291, 0.013598086312413216, 0.01435745507478714, 0.015116823837161064]}, "gradients/linear_1.weight": {"_type": "histogram", "values": [12.0, 0.0, 0.0, 0.0, 0.0, 0.0, 0.0, 0.0, 0.0, 0.0, 0.0, 0.0, 12.0, 0.0, 0.0, 12.0, 1.0, 10.0, 6.0, 0.0, 1.0, 0.0, 11.0, 24.0, 67.0, 47.0, 33.0, 26.0, 21.0, 18.0, 95.0, 1145.0, 111.0, 80.0, 16.0, 19.0, 14.0, 20.0, 35.0, 48.0, 23.0, 12.0, 0.0, 1.0, 1.0, 0.0, 13.0, 6.0, 10.0, 1.0, 5.0, 11.0, 0.0, 0.0, 0.0, 0.0, 1.0, 0.0, 0.0, 0.0, 0.0, 1.0, 5.0, 10.0], "bins": [-0.0669655129313469, -0.06487283855676651, -0.06278017163276672, -0.06068749725818634, -0.05859482288360596, -0.056502148509025574, -0.05440947785973549, -0.052316807210445404, -0.05022413283586502, -0.04813145846128464, -0.04603878781199455, -0.04394611716270447, -0.041853442788124084, -0.0397607684135437, -0.037668097764253616, -0.03557542711496353, -0.03348275274038315, -0.031390078365802765, -0.02929740771651268, -0.027204735204577446, -0.025112062692642212, -0.023019390180706978, -0.020926717668771744, -0.01883404515683651, -0.016741372644901276, -0.014648700132966042, -0.012556027621030807, -0.010463355109095573, -0.00837068259716034, -0.006278010085225105, -0.004185337573289871, -0.002092665061354637, 1.4901161193847656e-08, 0.002092687413096428, 0.004185359925031662, 0.006278032436966896, 0.00837070494890213, 0.010463377460837364, 0.012556049972772598, 0.014648722484707832, 0.016741394996643066, 0.0188340675085783, 0.020926740020513535, 0.02301941253244877, 0.025112085044384003, 0.027204757556319237, 0.02929743006825447, 0.031390100717544556, 0.03348277509212494, 0.03557544946670532, 0.03766812011599541, 0.03976079076528549, 0.041853465139865875, 0.04394613951444626, 0.04603881016373634, 0.04813148081302643, 0.05022415518760681, 0.052316829562187195, 0.05440950021147728, 0.056502170860767365, 0.05859484523534775, 0.06068751960992813, 0.06278018653392792, 0.0648728609085083, 0.06696553528308868]}, "gradients/linear_0.bias": {"_type": "histogram", "values": [1.0, 0.0, 0.0, 0.0, 0.0, 0.0, 0.0, 0.0, 0.0, 0.0, 0.0, 0.0, 0.0, 0.0, 0.0, 0.0, 0.0, 0.0, 0.0, 0.0, 0.0, 0.0, 0.0, 0.0, 4.0, 52.0, 2.0, 0.0, 1.0, 2.0, 0.0, 0.0, 1.0, 0.0, 0.0, 0.0, 0.0, 0.0, 0.0, 0.0, 0.0, 0.0, 0.0, 0.0, 0.0, 0.0, 0.0, 0.0, 0.0, 0.0, 0.0, 0.0, 0.0, 0.0, 0.0, 0.0, 0.0, 0.0, 0.0, 0.0, 0.0, 0.0, 0.0, 1.0], "bins": [-0.0014384475070983171, -0.0013810510281473398, -0.0013236545491963625, -0.0012662580702453852, -0.0012088615912944078, -0.0011514651123434305, -0.0010940686333924532, -0.0010366721544414759, -0.0009792756754904985, -0.0009218791965395212, -0.0008644827175885439, -0.0008070862386375666, -0.0007496897596865892, -0.0006922932807356119, -0.0006348968017846346, -0.0005775003228336573, -0.0005201038438826799, -0.0004627073649317026, -0.0004053108859807253, -0.00034791440702974796, -0.00029051792807877064, -0.0002331214491277933, -0.000175724970176816, -0.00011832849122583866, -6.0932012274861336e-05, -3.5355333238840103e-06, 5.3860945627093315e-05, 0.00011125742457807064, 0.00016865390352904797, 0.0002260503824800253, 0.0002834468614310026, 0.00034084334038197994, 0.00039823981933295727, 0.0004556362982839346, 0.0005130327772349119, 0.0005704292561858892, 0.0006278257351368666, 0.0006852222140878439, 0.0007426186930388212, 0.0008000151719897985, 0.0008574116509407759, 0.0009148081298917532, 0.0009722046088427305, 0.0010296010877937078, 0.0010869975667446852, 0.0011443940456956625, 0.0012017905246466398, 0.0012591870035976171, 0.0013165834825485945, 0.0013739799614995718, 0.0014313764404505491, 0.0014887729194015265, 0.0015461693983525038, 0.001603565877303481, 0.0016609623562544584, 0.0017183588352054358, 0.001775755314156413, 0.0018331517931073904, 0.0018905482720583677, 0.001947944751009345, 0.0020053412299603224, 0.0020627377089112997, 0.002120134187862277, 0.0021775306668132544, 0.0022349271457642317]}, "gradients/linear_0.weight": {"_type": "histogram", "values": [1.0, 1.0, 3.0, 0.0, 1.0, 3.0, 0.0, 1.0, 0.0, 0.0, 9.0, 0.0, 5.0, 2.0, 8.0, 2.0, 11.0, 20.0, 22.0, 27.0, 46.0, 50.0, 83.0, 208.0, 1398.0, 9917581.0, 200.0, 87.0, 57.0, 53.0, 39.0, 22.0, 13.0, 12.0, 13.0, 4.0, 1.0, 6.0, 2.0, 1.0, 0.0, 1.0, 0.0, 0.0, 0.0, 0.0, 0.0, 1.0, 0.0, 0.0, 0.0, 0.0, 0.0, 0.0, 1.0, 1.0, 0.0, 0.0, 0.0, 2.0, 0.0, 0.0, 1.0, 1.0], "bins": [-0.005701430607587099, -0.00547393411397934, -0.005246437154710293, -0.005018940661102533, -0.004791444167494774, -0.004563947208225727, -0.004336450714617968, -0.004108954221010208, -0.0038814572617411613, -0.0036539605353027582, -0.003426463808864355, -0.0031989673152565956, -0.0029714705888181925, -0.0027439738623797894, -0.00251647736877203, -0.0022889806423336267, -0.0020614839158952236, -0.0018339871894568205, -0.0016064905794337392, -0.0013789939694106579, -0.0011514972429722548, -0.0009240005165338516, -0.0006965039065107703, -0.000469007296487689, -0.0002415105700492859, -1.4013901818543673e-05, 0.00021348276641219854, 0.00044097943464294076, 0.000668476102873683, 0.0008959728293120861, 0.0011234694393351674, 0.0013509660493582487, 0.0015784632414579391, 0.0018059599678963423, 0.0020334566943347454, 0.002260953187942505, 0.002488449914380908, 0.002715946640819311, 0.0029434431344270706, 0.0031709398608654737, 0.003398436587303877, 0.00362593331374228, 0.003853430040180683, 0.004080926533788443, 0.004308423027396202, 0.004535919986665249, 0.004763416480273008, 0.004990912973880768, 0.005218409933149815, 0.005445906426757574, 0.005673403386026621, 0.00590089987963438, 0.006128396838903427, 0.006355893332511187, 0.006583389826118946, 0.006810886785387993, 0.007038383278995752, 0.007265879772603512, 0.007493376731872559, 0.007720873225480318, 0.007948369719088078, 0.008175866678357124, 0.008403363637626171, 0.008630859665572643, 0.00885835662484169]}}