{"Train avg_score": -0.2633333333333333, "Score": -1.7000000000000004, "_runtime": 97, "_timestamp": 1626358100, "_step": 201, "Train actor_loss": -0.039699569631765935, "Train critic_loss*2": 0.3417834092278574, "Train total_loss": 0.3020838395960914}