{"avg_idx_steps": 19.47, "idx_steps": 14, "_runtime": 137, "_timestamp": 1626614434, "_step": 1703, "Train avg_score": -15.032000000000009, "Score": -3.8999999999999986, "graph_0": {"_type": "graph-file", "path": "media/graph/graph_0_summary_b3f56de7eec63cd765e6.graph.json", "sha256": "b3f56de7eec63cd765e653a496979f2447264cb6e16c551d5559275f364410f3", "size": 2463}, "Train actor_loss": 0.09786596149206161}