{"graph_0": {"_type": "graph-file", "path": "media/graph/graph_0_summary_fc7ca5a59dbb503a2b3a.graph.json", "sha256": "fc7ca5a59dbb503a2b3a9d831a0c7b8970c2be6b33bb6eab8950b06e8b5398bd", "size": 482}, "avg_idx_steps": 18.7, "idx_steps": 30, "_runtime": 60, "_timestamp": 1626543255, "_step": 199, "Train avg_score": -14.081818181818191, "Score": -32.600000000000016, "Train actor_loss": 0.10115696489810944}