{"Train actor_loss": -24176121340.27479, "Train critic_loss*2": 2.1810840347666358e+21, "Train total_loss": 2.1810840347424596e+21, "_runtime": 163, "_timestamp": 1626126776, "_step": 5, "Train avg_score": -1.9333333333333336}