{"Train actor_loss": -2332045887.8266907, "Train critic_loss*2": 7.707983126261157e+20, "Train total_loss": 7.707983126237837e+20, "_runtime": 143, "_timestamp": 1626126538, "_step": 5, "Train avg_score": -1.333333333333334}