{"Train avg_score": 3.286666666666667, "Score": 10, "_runtime": 719, "_timestamp": 1626366782, "_step": 1406, "Train actor_loss": -0.006593004938391612, "Train critic_loss*2": 3.2842897799930686, "Train total_loss": 3.277696775054677}