{"Train actor_loss": -52.372986954167345, "Train critic_loss*2": 5910.055393361764, "Train total_loss": 5857.682406407596, "_runtime": 117, "_timestamp": 1626103774, "_step": 3, "Train avg_score": -1.3000000000000003}