{"Train actor_loss": -0.005186298099898943, "Train critic_loss*2": 7.053373285072059e-05, "Train total_loss": -0.005115764367048223, "_runtime": 255, "_timestamp": 1626279168, "_step": 167, "Train avg_score": 0.16666666666666666}