{"Train avg_score": 0.43, "Score": 0, "_runtime": 518, "_timestamp": 1626368939, "_step": 903, "Train actor_loss": 0.0069788726685555205, "Train critic_loss*2": 0.04459224424324132, "Train total_loss": 0.05157111691179684}