{"Train actor_loss": 0.017245334791326755, "Train critic_loss*2": 0.05035949334784576, "Train total_loss": 0.06760482813917251, "_runtime": 87, "_timestamp": 1626103648, "_step": 5, "Train avg_score": -0.5000000000000003}