{"Train actor_loss": 0.5445197275703384, "Train critic_loss*2": 0.3204091157070208, "Train total_loss": 0.8649288432773592, "_runtime": 32, "_timestamp": 1626277904, "_step": 3, "Train avg_score": -2.5500000000000007}