{"graph_0": {"_type": "graph-file", "path": "media/graph/graph_0_summary_aca5e99d583f7012cde8.graph.json", "sha256": "aca5e99d583f7012cde8149be5f2bea5a46ab7da6c843675b157a1d9e0b1cad1", "size": 482}, "avg_idx_steps": 19.54, "idx_steps": 3, "_runtime": 23, "_timestamp": 1626542786, "_step": 289, "Train avg_score": -15.158000000000007, "Score": 7.8, "Train actor_loss": 0.10401109606027603}