{"avg_idx_steps": 30.0, "idx_steps": 30, "_runtime": 6, "_timestamp": 1626615721, "_step": 1, "Train avg_score": -32.600000000000016, "Score": -32.600000000000016}