{"Train avg_score": 0.41, "Score": 0, "_runtime": 1427, "_timestamp": 1626370936, "_step": 2343, "Train actor_loss": 0.023901926855413147, "Train critic_loss*2": 0.0012674826053124149, "Train total_loss": 0.025169409460725562}