{"graph_0": {"_type": "graph-file", "path": "media/graph/graph_0_summary_7685b2cedc578fc3a293.graph.json", "sha256": "7685b2cedc578fc3a293ce66072d2e1cd53bba029aec0aaaddc72421305daa0b", "size": 482}, "avg_idx_steps": 18.53, "idx_steps": 30, "_runtime": 125, "_timestamp": 1626541370, "_step": 2839, "Train avg_score": -12.798000000000002, "Score": -31.800000000000015, "Train actor_loss": 0.10250343382358551}