{"graph_0": {"_type": "graph-file", "path": "media/graph/graph_0_summary_7243de6f7595fb63c94b.graph.json", "sha256": "7243de6f7595fb63c94bc53ff6955a5cbbe50fbe37461333d452ea88d9fe0aee", "size": 3241}, "avg_idx_steps": 18.04, "idx_steps": 12, "_runtime": 22, "_timestamp": 1626540638, "_step": 237, "Train avg_score": -13.119000000000005, "Score": -1.8999999999999986, "Train actor_loss": 0.08799535036087036}