{"Train actor_loss": 0.8891493926439198, "Train critic_loss*2": 0.6563367677707752, "Train total_loss": 1.545486160414695, "_runtime": 118, "_timestamp": 1626273245, "_step": 23, "Train avg_score": -0.5166666666666667}