{"graph_0": {"_type": "graph-file", "path": "media/graph/graph_0_summary_e58231e497c764a6c43a.graph.json", "sha256": "e58231e497c764a6c43a5f6ec1205cd15bc885d1a157ff2b2e31a68c9c0a830a", "size": 3372}, "graph_1": {"_type": "graph-file", "path": "media/graph/graph_1_summary_9a0ed29cd629647da2ae.graph.json", "sha256": "9a0ed29cd629647da2aed7a744a75e784c25c73546bf6f3b392abf4cd84c5f10", "size": 3218}, "avg_idx_steps": 19.33, "idx_steps": 12, "_runtime": 336, "_timestamp": 1626518557, "_step": 1209, "Train avg_score": -14.945000000000007, "Score": 2.4000000000000004, "Train actor_loss": 0.08864530077622527, "Train critic_loss*2": 18.454904736456996, "Train total_loss": 18.54355003723322}