{"Train actor_loss": 39599606737.20401, "Train critic_loss*2": 5.727178511892638e+21, "Train total_loss": 5.727178511932238e+21, "_runtime": 323, "_timestamp": 1626215176, "_step": 5, "Train avg_score": -2.0666666666666673}