{"avg_idx_steps": 17.95, "idx_steps": 30, "_runtime": 270, "_timestamp": 1626616018, "_step": 1114, "Train avg_score": -12.758000000000006, "Score": -33.000000000000014, "graph_0": {"_type": "graph-file", "path": "media/graph/graph_0_summary_c8cf912e3e24c02ffe56.graph.json", "sha256": "c8cf912e3e24c02ffe56b61e7d2d65ddfde3416cd9489cbdefefe27278f30f4c", "size": 3593}, "Train actor_loss": 0.11193778365850449}