{"avg_idx_steps": 19.8, "idx_steps": 30, "_runtime": 62, "_timestamp": 1626616944, "_step": 166, "Train avg_score": -15.427848101265829, "Score": -4.099999999999998, "graph_0": {"_type": "graph-file", "path": "media/graph/graph_0_summary_7ade5a5c3c6683fb86f1.graph.json", "sha256": "7ade5a5c3c6683fb86f175c63cf4d2d7c3fa74efae8aa08139d558a60e3500db", "size": 3669}, "Train actor_loss": 0.1302003115415573}