{"Train actor_loss": 0.2153420009197304, "Train critic_loss*2": 0.33308967185882965, "Train total_loss": 0.5484316727785601, "_runtime": 126, "_timestamp": 1626277741, "_step": 87, "Train avg_score": -0.9766666666666669}