{"avg_idx_steps": 19.28235294117647, "idx_steps": 30, "_runtime": 33, "_timestamp": 1626558961, "_step": 170, "Train avg_score": -14.735294117647063, "Score": -32.100000000000016, "graph_0": {"_type": "graph-file", "path": "media/graph/graph_0_summary_7c60577d5a291e0f8292.graph.json", "sha256": "7c60577d5a291e0f82925057d69efe80516ab37f16eec2c7f9a93a7bb76cb528", "size": 3450}, "Train actor_loss": 0.09368588030338287}