{"Train avg_score": 0.010000000000000024, "Score": 0.8, "_runtime": 1368, "_timestamp": 1626301487, "_step": 2039, "Train actor_loss": 0.065268565107749, "Train critic_loss*2": 0.1391687870005022, "Train total_loss": 0.2044373521082512, "gradients/graph_1linear_1.bias": {"_type": "histogram", "values": [0.0, 0.0, 0.0, 0.0, 0.0, 0.0, 0.0, 0.0, 0.0, 0.0, 0.0, 0.0, 0.0, 0.0, 0.0, 0.0, 0.0, 0.0, 0.0, 0.0, 0.0, 0.0, 0.0, 0.0, 0.0, 0.0, 0.0, 0.0, 0.0, 0.0, 0.0, 0.0, 1.0, 0.0, 0.0, 0.0, 0.0, 0.0, 0.0, 0.0, 0.0, 0.0, 0.0, 0.0, 0.0, 0.0, 0.0, 0.0, 0.0, 0.0, 0.0, 0.0, 0.0, 0.0, 0.0, 0.0, 0.0, 0.0, 0.0, 0.0, 0.0, 0.0, 0.0, 0.0], "bins": [0.2343866527080536, 0.2343866527080536, 0.2343866527080536, 0.2343866527080536, 0.2343866527080536, 0.2343866527080536, 0.2343866527080536, 0.2343866527080536, 0.2343866527080536, 0.2343866527080536, 0.2343866527080536, 0.2343866527080536, 0.2343866527080536, 0.2343866527080536, 0.2343866527080536, 0.2343866527080536, 0.2343866527080536, 0.2343866527080536, 0.2343866527080536, 0.2343866527080536, 0.2343866527080536, 0.2343866527080536, 0.2343866527080536, 0.2343866527080536, 0.2343866527080536, 0.2343866527080536, 0.2343866527080536, 0.2343866527080536, 0.2343866527080536, 0.2343866527080536, 0.2343866527080536, 0.2343866527080536, 0.2343866527080536, 0.2343866527080536, 0.2343866527080536, 0.2343866527080536, 0.2343866527080536, 0.2343866527080536, 0.2343866527080536, 0.2343866527080536, 0.2343866527080536, 0.2343866527080536, 0.2343866527080536, 0.2343866527080536, 0.2343866527080536, 0.2343866527080536, 0.2343866527080536, 0.2343866527080536, 0.2343866527080536, 0.2343866527080536, 0.2343866527080536, 0.2343866527080536, 0.2343866527080536, 0.2343866527080536, 0.2343866527080536, 0.2343866527080536, 0.2343866527080536, 0.2343866527080536, 0.2343866527080536, 0.2343866527080536, 0.2343866527080536, 0.2343866527080536, 0.2343866527080536, 0.2343866527080536, 0.2343866527080536]}, "gradients/graph_1linear_1.weight": {"_type": "histogram", "values": [1.0, 0.0, 0.0, 0.0, 0.0, 0.0, 0.0, 0.0, 0.0, 0.0, 0.0, 0.0, 0.0, 0.0, 0.0, 0.0, 0.0, 0.0, 0.0, 0.0, 0.0, 0.0, 0.0, 0.0, 0.0, 0.0, 0.0, 0.0, 0.0, 0.0, 0.0, 0.0, 0.0, 0.0, 0.0, 0.0, 0.0, 0.0, 0.0, 0.0, 0.0, 0.0, 0.0, 0.0, 0.0, 0.0, 0.0, 0.0, 0.0, 0.0, 0.0, 0.0, 0.0, 0.0, 0.0, 0.0, 0.0, 0.0, 0.0, 0.0, 0.0, 0.0, 0.0, 63.0], "bins": [-0.07670020312070847, -0.07550133019685745, -0.07430245727300644, -0.07310359179973602, -0.07190471887588501, -0.070705845952034, -0.06950697302818298, -0.06830810010433197, -0.06710922718048096, -0.06591035425662994, -0.06471148133277893, -0.06351261585950851, -0.0623137429356575, -0.06111487001180649, -0.059915997087955475, -0.05871712416410446, -0.057518258690834045, -0.05631938576698303, -0.05512051656842232, -0.053921643644571304, -0.05272277444601059, -0.051523901522159576, -0.05032502859830856, -0.04912615567445755, -0.047927286475896835, -0.04672841355204582, -0.04552954435348511, -0.044330671429634094, -0.04313179850578308, -0.041932929307222366, -0.04073405638337135, -0.03953518718481064, -0.038336314260959625, -0.03713744133710861, -0.0359385721385479, -0.034739699214696884, -0.03354083001613617, -0.032341957092285156, -0.031143084168434143, -0.02994421310722828, -0.028745342046022415, -0.02754647098481655, -0.026347599923610687, -0.025148726999759674, -0.02394985593855381, -0.022750984877347946, -0.021552111953496933, -0.02035324089229107, -0.019154369831085205, -0.01795549876987934, -0.016756627708673477, -0.015557754784822464, -0.0143588837236166, -0.013160012662410736, -0.011961140669882298, -0.010762268677353859, -0.00956339668482542, -0.008364524692296982, -0.007165653631091118, -0.005966782104223967, -0.004767910577356815, -0.003569039050489664, -0.002370167523622513, -0.0011712955310940742, 2.757508264039643e-05]}, "gradients/graph_1linear_0.bias": {"_type": "histogram", "values": [62.0, 1.0, 0.0, 0.0, 0.0, 0.0, 0.0, 0.0, 0.0, 0.0, 0.0, 0.0, 0.0, 0.0, 0.0, 0.0, 0.0, 0.0, 0.0, 0.0, 0.0, 0.0, 0.0, 0.0, 0.0, 0.0, 0.0, 0.0, 0.0, 0.0, 0.0, 0.0, 0.0, 0.0, 0.0, 0.0, 0.0, 0.0, 0.0, 0.0, 0.0, 0.0, 0.0, 0.0, 0.0, 0.0, 0.0, 0.0, 0.0, 0.0, 0.0, 0.0, 0.0, 0.0, 0.0, 0.0, 0.0, 0.0, 0.0, 0.0, 0.0, 0.0, 0.0, 1.0], "bins": [0.0, 0.0002928482717834413, 0.0005856965435668826, 0.0008785448153503239, 0.0011713930871337652, 0.0014642414171248674, 0.0017570896307006478, 0.0020499378442764282, 0.0023427861742675304, 0.0026356345042586327, 0.002928482834249735, 0.0032213309314101934, 0.0035141792614012957, 0.003807027591392398, 0.0040998756885528564, 0.004392724018543959, 0.004685572348535061, 0.004978420678526163, 0.005271269008517265, 0.0055641173385083675, 0.00585696566849947, 0.006149813532829285, 0.006442661862820387, 0.006735510192811489, 0.007028358522802591, 0.0073212068527936935, 0.007614055182784796, 0.007906903512775898, 0.008199751377105713, 0.008492600172758102, 0.008785448037087917, 0.009078295901417732, 0.009371144697070122, 0.009663992561399937, 0.009956841357052326, 0.010249689221382141, 0.01054253801703453, 0.010835385881364346, 0.011128234677016735, 0.01142108254134655, 0.01171393133699894, 0.012006779201328754, 0.012299627996981144, 0.012592475861310959, 0.012885324656963348, 0.013178172521293163, 0.013471021316945553, 0.013763869181275368, 0.014056717045605183, 0.014349564909934998, 0.014642413705587387, 0.014935261569917202, 0.015228110365569592, 0.015520958229899406, 0.015813807025551796, 0.016106653958559036, 0.016399502754211426, 0.016692351549863815, 0.016985198482871056, 0.017278047278523445, 0.017570896074175835, 0.017863744869828224, 0.018156591802835464, 0.018449440598487854, 0.018742289394140244]}, "gradients/graph_1linear_0.weight": {"_type": "histogram", "values": [12285.0, 15.0, 40.0, 10.0, 30.0, 10.0, 5.0, 15.0, 15.0, 5.0, 0.0, 0.0, 5.0, 0.0, 0.0, 20.0, 10.0, 5.0, 0.0, 0.0, 0.0, 0.0, 0.0, 0.0, 0.0, 0.0, 0.0, 0.0, 0.0, 0.0, 0.0, 0.0, 0.0, 0.0, 0.0, 0.0, 0.0, 0.0, 0.0, 0.0, 0.0, 0.0, 5.0, 0.0, 0.0, 0.0, 0.0, 0.0, 0.0, 0.0, 0.0, 0.0, 0.0, 0.0, 0.0, 0.0, 0.0, 0.0, 0.0, 0.0, 0.0, 0.0, 0.0, 5.0], "bins": [0.0, 0.0004375899734441191, 0.0008751799468882382, 0.0013127699494361877, 0.0017503598937764764, 0.002187949838116765, 0.0026255398988723755, 0.0030631297267973423, 0.0035007197875529528, 0.003938309848308563, 0.00437589967623353, 0.004813489504158497, 0.005251079797744751, 0.005688669625669718, 0.006126259453594685, 0.006563849747180939, 0.0070014395751059055, 0.007439029403030872, 0.007876619696617126, 0.008314209058880806, 0.00875179935246706, 0.009189389646053314, 0.009626979008316994, 0.010064569301903248, 0.010502159595489502, 0.010939749889075756, 0.011377339251339436, 0.01181492954492569, 0.012252519838511944, 0.012690109200775623, 0.013127699494361877, 0.013565288856625557, 0.014002879150211811, 0.014440469443798065, 0.014878058806061745, 0.015315649099647999, 0.015753239393234253, 0.016190828755497932, 0.016628418117761612, 0.01706600934267044, 0.01750359870493412, 0.0179411880671978, 0.01837877929210663, 0.018816368654370308, 0.019253958016633987, 0.019691549241542816, 0.020129138603806496, 0.020566727966070175, 0.021004319190979004, 0.021441908553242683, 0.021879499778151512, 0.02231708914041519, 0.02275467850267887, 0.0231922697275877, 0.02362985908985138, 0.02406744845211506, 0.02450503781437874, 0.024942627176642418, 0.025380218401551247, 0.025817807763814926, 0.026255397126078606, 0.026692988350987434, 0.027130577713251114, 0.027568167075514793, 0.028005758300423622]}, "gradients/graph_1conv2d_0.weight": {"_type": "histogram", "values": [1.0, 0.0, 0.0, 0.0, 45.0, 0.0, 0.0, 0.0, 0.0, 0.0, 1.0, 0.0, 0.0, 0.0, 0.0, 0.0, 0.0, 0.0, 0.0, 0.0, 0.0, 0.0, 0.0, 0.0, 0.0, 0.0, 0.0, 0.0, 0.0, 0.0, 0.0, 0.0, 0.0, 0.0, 0.0, 0.0, 0.0, 0.0, 0.0, 0.0, 0.0, 0.0, 0.0, 0.0, 0.0, 0.0, 2.0, 0.0, 0.0, 0.0, 0.0, 0.0, 0.0, 0.0, 0.0, 0.0, 0.0, 0.0, 0.0, 0.0, 0.0, 0.0, 0.0, 1.0],