{"avg_idx_steps": 20.02, "idx_steps": 30, "_runtime": 7, "_timestamp": 1626616328, "_step": 98, "Train avg_score": -15.695918367346945, "Score": -32.600000000000016}