{"Train actor_loss": 0.30023901409920983, "Train critic_loss*2": 0.14476188461518044, "Train total_loss": 0.4450008987143903, "_runtime": 57, "_timestamp": 1626261912, "_step": 3, "Train avg_score": -2.1000000000000005}