{"graph_0": {"_type": "graph-file", "path": "media/graph/graph_0_summary_1770c6cd1b20f1ff9bdc.graph.json", "sha256": "1770c6cd1b20f1ff9bdce5b6cef24401f10e524411e26698cf3157e5dea0f9a5", "size": 3372}, "graph_1": {"_type": "graph-file", "path": "media/graph/graph_1_summary_a2980e135d9cab821eb3.graph.json", "sha256": "a2980e135d9cab821eb34bfcf18578c3ea73fa1b5785700465c3b237991acf85", "size": 3218}, "avg_idx_steps": 19.29, "idx_steps": 30, "_runtime": 140, "_timestamp": 1626516642, "_step": 401, "Train avg_score": -14.921000000000008, "Score": -8.2, "Train actor_loss": -0.04469287913949027, "Train critic_loss*2": 10.284071913019588, "Train total_loss": 10.239379033880098}