{"Train actor_loss": -0.5256442409045248, "Train critic_loss*2": 0.17236875070932733, "Train total_loss": -0.35327549019519744, "_runtime": 103, "_timestamp": 1626277322, "_step": 13, "Train avg_score": -0.8142857142857146}