{"Train actor_loss": 0.22520934453395342, "Train critic_loss*2": 0.16748391482238814, "Train total_loss": 0.3926932593563416, "_runtime": 204, "_timestamp": 1626215610, "_step": 7, "Train avg_score": -1.3750000000000004}