{"avg_idx_steps": 18.14, "idx_steps": 2, "_runtime": 378, "_timestamp": 1626559428, "_step": 5855, "Train avg_score": -13.255000000000004, "Score": 10, "graph_0": {"_type": "graph-file", "path": "media/graph/graph_0_summary_e80d303ae182fa2e558b.graph.json", "sha256": "e80d303ae182fa2e558b405f63d8b82aaee5bfea0763955b6bcc1d52c73067bc", "size": 3377}, "Train actor_loss": 0.04481230303645134}