{"avg_idx_steps": 18.99, "idx_steps": 19, "_runtime": 42, "_timestamp": 1626616732, "_step": 471, "Train avg_score": -13.941000000000004, "Score": -9.700000000000003, "graph_0": {"_type": "graph-file", "path": "media/graph/graph_0_summary_e5b830bdad9637b63caa.graph.json", "sha256": "e5b830bdad9637b63caaa66cc9c5b9290688428516089442f6c170221a954df5", "size": 3633}, "Train actor_loss": 0.081705242395401}