{"Train actor_loss": -0.15045450868841284, "Train critic_loss*2": 0.15155088963072413, "Train total_loss": 0.0010963809423112925, "_runtime": 603, "_timestamp": 1626257047, "_step": 41, "Train avg_score": -1.085714285714286}