{"Train avg_score": 2.2933333333333334, "Score": 6, "_runtime": 1365, "_timestamp": 1626365406, "_step": 1723, "Train actor_loss": 0.08850950324389932, "Train critic_loss*2": 0.4151731341923045, "Train total_loss": 0.5036826374362038}