{"avg_idx_steps": 19.18, "idx_steps": 18, "_runtime": 806, "_timestamp": 1626820730, "_step": 30149, "Train avg_score": -14.316, "Score": -8.600000000000001, "graph_0": {"_type": "graph-file", "path": "media/graph/graph_0_summary_eb348c1a6a9dc8152b11.graph.json", "sha256": "eb348c1a6a9dc8152b1131463d2258a619f265cbef5d4a453392f0a1991025af", "size": 1121}, "Train actor_loss": 0.04752449691295624}