{"graph_0": {"_type": "graph-file", "path": "media/graph/graph_0_summary_a294f8a5bb20ddb171b2.graph.json", "sha256": "a294f8a5bb20ddb171b28dab5070824a0d9790629b195955feb4151ce44603e6", "size": 3372}, "graph_1": {"_type": "graph-file", "path": "media/graph/graph_1_summary_475462bd5047079ee2a4.graph.json", "sha256": "475462bd5047079ee2a420320571de33b1f2a02b4460a5bf3f755e560e910ccd", "size": 3218}, "avg_idx_steps": 21.94, "idx_steps": 18, "_runtime": 426, "_timestamp": 1626474232, "_step": 1267, "Train avg_score": -18.134000000000004, "Score": -7.400000000000002, "Train actor_loss": -0.08772806000834468, "Train critic_loss*2": 13.379496391626393, "Train total_loss": 13.291768331618048}