{"avg_idx_steps": 20.36, "idx_steps": 30, "_runtime": 11, "_timestamp": 1626616756, "_step": 98, "Train avg_score": -16.74081632653062, "Score": -32.40000000000001}