{"avg_idx_steps": 18.84, "idx_steps": 11, "_runtime": 330, "_timestamp": 1626615584, "_step": 763, "Train avg_score": -13.830000000000002, "Score": -0.7999999999999989, "graph_0": {"_type": "graph-file", "path": "media/graph/graph_0_summary_4951b8d7cc01857bb392.graph.json", "sha256": "4951b8d7cc01857bb392452d197140c3e9fcc0de6c8a41197d08be11000d5e1d", "size": 2506}, "Train actor_loss": 1.5506938695907593}