{"avg_idx_steps": 19.29, "idx_steps": 30, "_runtime": 526, "_timestamp": 1626821786, "_step": 25873, "Train avg_score": -12.943000000000005, "Score": -31.500000000000007, "graph_0": {"_type": "graph-file", "path": "media/graph/graph_0_summary_dc8ea028c9c58088a6f6.graph.json", "sha256": "dc8ea028c9c58088a6f631403cc27542cdf9a18abb6227da51c85b7805a79f45", "size": 1115}, "Train actor_loss": 0.11483247578144073}