{"graph_0": {"_type": "graph-file", "path": "media/graph/graph_0_summary_912c5e8137bab8bb696b.graph.json", "sha256": "912c5e8137bab8bb696b8a4a5af2a708041924a7548e122a70cb7873e1657fa0", "size": 482}, "avg_idx_steps": 20.55, "idx_steps": 12, "_runtime": 39, "_timestamp": 1626542966, "_step": 516, "Train avg_score": -16.275000000000006, "Score": -1.799999999999999, "Train actor_loss": 0.11065085232257843}