{"Train avg_score": -0.05666666666666664, "Score": 0.5, "_runtime": 174, "_timestamp": 1626358299, "_step": 341, "Train actor_loss": -0.06887729246946328, "Train critic_loss*2": 0.26524764776383764, "Train total_loss": 0.19637035529437435}