{"graph_0": {"_type": "graph-file", "path": "media/graph/graph_0_summary_300345452277308f71c5.graph.json", "sha256": "300345452277308f71c5742ced12010d7c6623deb0f5b74e66ab4e37e048b41c", "size": 3241}, "avg_idx_steps": 20.4, "idx_steps": 16, "_runtime": 87, "_timestamp": 1626538227, "_step": 1380, "Train avg_score": -16.182000000000006, "Score": -6.4999999999999964, "Train actor_loss": 0.12180018702211026}