{"Train avg_score": -0.1700000000000001, "Score": -1.7000000000000004, "_runtime": 256, "_timestamp": 1626358585, "_step": 483, "Train actor_loss": -0.01591142857805606, "Train critic_loss*2": 0.3675229651092708, "Train total_loss": 0.35161153653121474}