{"Train actor_loss": 0.313625311744917, "Train critic_loss*2": 0.2816072969101736, "Train total_loss": 0.5952326086550905, "_runtime": 17, "_timestamp": 1626258549, "_step": 1, "Train avg_score": -1.5000000000000002}