{"avg_idx_steps": 18.708, "idx_steps": 6, "_runtime": 69, "_timestamp": 1626822565, "_step": 2931, "Train avg_score": -13.160600000000002, "Score": 4.5, "graph_0": {"_type": "graph-file", "path": "media/graph/graph_0_summary_fbf43b6265e9d0462662.graph.json", "sha256": "fbf43b6265e9d0462662282133ffb6d2906239e518f5a387fc445e7f0a554030", "size": 1126}, "Train actor_loss": 0.16543667018413544}