{"graph_0": {"_type": "graph-file", "path": "media/graph/graph_0_summary_2faf36d7efc0dc5b4718.graph.json", "sha256": "2faf36d7efc0dc5b471824b8da7dd1e0eea1b5c41ef21fced220c7e65287e2f6", "size": 3372}, "graph_1": {"_type": "graph-file", "path": "media/graph/graph_1_summary_5a5dfc597d921d884d93.graph.json", "sha256": "5a5dfc597d921d884d937874fe2da575317dcaf712a01de13d6a31f201c2436e", "size": 3218}, "avg_idx_steps": 18.3, "idx_steps": 9, "_runtime": 863, "_timestamp": 1626516702, "_step": 2905, "Train avg_score": -13.501000000000001, "Score": 1.4000000000000004, "Train actor_loss": 0.14851755112318477, "Train critic_loss*2": 12.728371016937096, "Train total_loss": 12.87688856806028}